Current,Ground,Time,Voltage
7.8884e-06,1.15e-07,1.4427330493927002,-3.06e-07
7.764e-06,3.8e-08,2.826882839202881,0.0
7.6296e-06,-1.15e-07,4.193655729293823,-3.19e-07
7.667e-06,-2.5e-08,5.553467512130737,-1.02e-07
7.6694e-06,1.53e-07,6.9080281257629395,-5.1e-08
7.6197e-06,0.0,8.262910604476929,0.0
7.6023e-06,-1.02e-07,9.6253080368042,-2.8e-07
7.6222e-06,-5.1e-08,10.999908208847046,-3.06e-07
7.5749e-06,-8.9e-08,12.362401485443115,-1.3e-08
7.5699e-06,1.53e-07,13.713165998458862,-1.66e-07
7.5649e-06,2.93e-07,15.072263956069946,0.0
7.5923e-06,-1.3e-08,16.42224407196045,-7.6e-08
7.6072e-06,-1.4e-07,17.795737504959106,3.44e-07
7.6023e-06,3.7e-07,19.15388822555542,-1.53e-07
7.652e-06,-2.8e-07,20.513617992401123,5.1e-08
7.5351e-06,3.57e-07,21.877060890197754,-1.3e-08
7.4753e-06,-1.91e-07,23.233838081359863,1.66e-07
7.5749e-06,2.17e-07,24.613743543624878,-8.9e-08
7.5525e-06,1.3e-08,25.974570989608765,0.0
7.5873e-06,-6.4e-08,27.334181308746338,8.9e-08
7.5127e-06,3.8e-08,28.677220344543457,2.93e-07
7.5948e-06,-5.1e-08,30.043964624404907,-7.6e-08
7.6595e-06,2.29e-07,31.405587911605835,1.3e-08
7.5823e-06,2.93e-07,32.76245069503784,1.4e-07
7.5251e-06,2.17e-07,34.12368559837341,-1.66e-07
7.4156e-06,1.4e-07,35.47399187088013,3.57e-07
7.4828e-06,4.46e-07,36.844314098358154,1.66e-07
7.1792e-06,-1.15e-07,38.19464421272278,-2.04e-07
7.973e-06,4.33e-07,39.55246615409851,3.06e-07
9.5383e-06,2.5e-08,40.903098583221436,-7.6e-08
1.08373e-05,2.42e-07,42.2627272605896,-6.4e-08
1.19894e-05,4.97e-07,43.62533140182495,5.48e-07
1.2614e-05,1.78e-07,44.98352932929993,-5.1e-08
1.29748e-05,-1.02e-07,46.32282018661499,-1.3e-08
1.3256e-05,3.57e-07,47.6803195476532,2.8e-07
1.33531e-05,-7.6e-08,49.05590891838074,5.1e-08
1.35198e-05,3.82e-07,50.404189109802246,-2.17e-07
1.3587e-05,4.08e-07,51.764000415802,1.02e-07
1.36368e-05,2.29e-07,53.11443829536438,1.3e-08
1.37537e-05,1.15e-07,54.47372508049011,8.9e-08
1.37438e-05,-1.91e-07,55.84416627883911,4.97e-07
1.3704e-05,-8.9e-08,57.19484257698059,-1.27e-07
1.36542e-05,-5.1e-08,58.560526609420776,8.9e-08
1.37338e-05,2.42e-07,59.91203761100769,-1.15e-07
1.3704e-05,1.78e-07,61.27479028701782,5.74e-07
1.37587e-05,1.4e-07,62.634665966033936,1.15e-07
1.37189e-05,-1.02e-07,64.00832080841064,1.53e-07
1.37313e-05,7.6e-08,65.3541738986969,5.1e-08
1.3704e-05,2.93e-07,66.70242094993591,2.04e-07
1.36517e-05,3.57e-07,68.0875792503357,1.15e-07
1.37463e-05,2.29e-07,69.44449067115784,-1.53e-07
1.37289e-05,1.15e-07,70.79804468154907,3.82e-07
1.36617e-05,-5.1e-08,72.14476227760315,-3.8e-08
1.37388e-05,-1.78e-07,73.5072500705719,6.4e-08
1.36691e-05,7.6e-08,74.86944508552551,-2.93e-07
1.37388e-05,-1.91e-07,76.22388577461243,-6.4e-08
1.36094e-05,3.06e-07,77.5741069316864,7.6e-08
1.36268e-05,-7.6e-08,78.92343544960022,-5.35e-07
1.36517e-05,8.9e-08,80.28900647163391,1.4e-07
1.36094e-05,3.7e-07,81.6474609375,1.78e-07
1.36418e-05,1.27e-07,82.99995064735413,-1.78e-07
1.36368e-05,4.46e-07,84.35651969909668,1.53e-07
1.36517e-05,-1.15e-07,85.7234275341034,-1.53e-07
1.3592e-05,-2.17e-07,87.0789885520935,3.06e-07
1.36069e-05,-7.6e-08,88.42340469360352,2.68e-07
1.35049e-05,3.57e-07,89.77504873275757,1.66e-07
1.35572e-05,1.02e-07,91.13471603393555,-5.1e-08
1.35173e-05,-2.93e-07,92.50701308250427,-2.5e-08
1.35248e-05,1.15e-07,93.85546898841858,-8.9e-08
1.34875e-05,-1.53e-07,95.2045111656189,1.53e-07
1.34676e-05,-4.33e-07,96.55533862113953,1.02e-07
1.33954e-05,2.5e-08,97.92512774467468,-2.29e-07
1.33954e-05,-8.9e-08,99.27486157417297,2.68e-07
1.34253e-05,-1.4e-07,100.62216567993164,-8.9e-08
1.33805e-05,-2.29e-07,101.98774862289429,-1.4e-07
1.34477e-05,1.91e-07,103.34701871871948,0.0
1.34676e-05,1.4e-07,104.7065646648407,0.0
1.33879e-05,2.55e-07,106.05469393730164,-3.06e-07
1.33506e-05,2.8e-07,107.41408181190491,-1.15e-07
1.33481e-05,-1.02e-07,108.77432608604431,2.29e-07
1.33257e-05,5.1e-08,110.13491940498352,1.91e-07
1.33556e-05,-1.4e-07,111.48650097846985,1.15e-07
1.3271e-05,1.02e-07,112.84433650970459,5.1e-08
1.32536e-05,3.8e-08,114.20565843582153,2.04e-07
1.32486e-05,2.55e-07,115.56500458717346,-2.42e-07
1.3276e-05,-3.8e-08,116.91931819915771,2.8e-07
1.32436e-05,2.29e-07,118.26389193534851,2.5e-08
1.31988e-05,1.4e-07,119.62681722640991,2.68e-07
1.31067e-05,1.66e-07,120.99708557128906,-3.7e-07
1.32237e-05,3.06e-07,122.34498381614685,6.4e-08
1.31466e-05,1.27e-07,123.70511269569397,2.17e-07
1.31192e-05,-8.9e-08,125.06335163116455,2.17e-07
1.31515e-05,1.3e-08,126.4250328540802,2.8e-07
1.32063e-05,3.7e-07,127.77595829963684,-1.3e-08
1.30694e-05,7.6e-08,129.1285321712494,-8.9e-08
1.31067e-05,8.9e-08,130.48516368865967,-2.55e-07
1.30669e-05,-2.5e-08,131.84949922561646,4.21e-07
1.30644e-05,3.95e-07,133.1988959312439,3.82e-07
1.30968e-05,5.1e-08,134.54470324516296,1.78e-07
1.3057e-05,1.91e-07,135.89874458312988,-1.27e-07
1.30147e-05,1.66e-07,137.26543402671814,7.6e-08
1.30395e-05,1.66e-07,138.61512064933777,-2.17e-07
1.30097e-05,-1.53e-07,139.96975684165955,-1.66e-07
1.29674e-05,-2.5e-08,141.32564091682434,6.4e-08
1.2945e-05,8.9e-08,142.69681978225708,2.04e-07
1.29649e-05,1.4e-07,144.0498526096344,-7.6e-08
1.29748e-05,5.1e-08,145.41434836387634,8.9e-08
1.2833e-05,2.5e-08,146.75425338745117,2.17e-07
1.28678e-05,-7.6e-08,148.12543106079102,1.15e-07
1.28753e-05,-2.29e-07,149.48690056800842,2.17e-07
1.29052e-05,1.91e-07,150.85439252853394,-5.1e-08
1.29301e-05,-1.4e-07,152.2148895263672,2.5e-08
1.29226e-05,7.6e-08,153.56006169319153,-5.1e-08
1.28629e-05,-2.5e-08,154.91689109802246,-5.99e-07
1.29425e-05,1.53e-07,156.2846097946167,-1.15e-07
1.2828e-05,2.5e-08,157.6394500732422,1.27e-07
1.28031e-05,-1.78e-07,158.99585223197937,1.3e-08
1.27434e-05,-3.31e-07,160.35518980026245,-1.3e-08
1.27982e-05,1.78e-07,161.7069447040558,-1.66e-07
1.27509e-05,2.93e-07,163.07862901687622,6.4e-08
1.27086e-05,-8.9e-08,164.42637825012207,-2.5e-08
1.27932e-05,-3.44e-07,165.786630153656,-1.15e-07
1.26663e-05,1.53e-07,167.14630937576294,-2.5e-08
1.27509e-05,-1.15e-07,168.5122148990631,1.78e-07
1.26464e-05,-1.91e-07,169.86520147323608,3.8e-08
1.26862e-05,7.6e-08,171.22407245635986,-1.91e-07
1.2624e-05,3.95e-07,172.5650544166565,-5.1e-08
1.25643e-05,4.33e-07,173.94015550613403,-2.42e-07
1.26364e-05,-1.3e-08,175.3164665699005,3.06e-07
1.2619e-05,2.29e-07,176.67610597610474,-5.1e-08
1.25916e-05,1.91e-07,178.0290129184723,-6.4e-08
1.25518e-05,7.6e-08,179.37445902824402,0.0
1.24996e-05,-1.91e-07,180.73487162590027,-3.8e-08
1.25618e-05,8.9e-08,182.10257577896118,-6.4e-08
1.25667e-05,-1.27e-07,183.4483335018158,2.29e-07
1.24946e-05,3.44e-07,184.79728364944458,7.6e-08
1.25219e-05,7.6e-08,186.16587948799133,-1.27e-07
1.2507e-05,7.6e-08,187.52561593055725,1.27e-07
1.2517e-05,0.0,188.88700795173645,2.5e-08
1.24398e-05,4.46e-07,190.24627661705017,-7.6e-08
1.24299e-05,-2.5e-08,191.59485507011414,-3.8e-08
1.25443e-05,3.8e-08,192.96567606925964,-4.72e-07
1.24149e-05,3.31e-07,194.3148558139801,1.27e-07
1.23826e-05,1.66e-07,195.67850160598755,1.91e-07
1.23975e-05,1.91e-07,197.03704452514648,8.9e-08
1.24224e-05,5.1e-08,198.3961956501007,1.53e-07
1.23627e-05,1.27e-07,199.75551080703735,1.78e-07
1.2288e-05,-6.4e-08,201.10589933395386,1.15e-07
1.23627e-05,-3.19e-07,202.45587277412415,2.55e-07
1.23055e-05,2.29e-07,203.8166937828064,-7.6e-08
1.23055e-05,-2.93e-07,205.17576622962952,-2.68e-07
1.22905e-05,4.21e-07,206.52668476104736,3.31e-07
1.23129e-05,-5.1e-08,207.88650918006897,-1.27e-07
1.23527e-05,-1.78e-07,209.2464997768402,-3.8e-08
1.23278e-05,5.1e-08,210.59614539146423,2.17e-07
1.22084e-05,-2.93e-07,211.9469027519226,-3.44e-07
1.22756e-05,-3.8e-08,213.30621576309204,-1.53e-07
1.21761e-05,-1.53e-07,214.67737674713135,-1.91e-07
1.22059e-05,-1.91e-07,216.03068923950195,1.4e-07
1.21686e-05,1.27e-07,217.3748540878296,1.27e-07
1.21537e-05,2.17e-07,218.73674392700195,-1.66e-07
1.21984e-05,3.8e-08,220.10508704185486,1.15e-07
1.20541e-05,1.27e-07,221.45549035072327,-3.7e-07
1.21288e-05,0.0,222.81646966934204,-2.55e-07
1.21014e-05,8.9e-08,224.16590118408203,-3.31e-07
1.20143e-05,7.6e-08,225.5362424850464,1.53e-07
1.21263e-05,-2.17e-07,226.88595533370972,-8.9e-08
1.20914e-05,-1.4e-07,228.23836135864258,1.27e-07
1.21064e-05,-5.1e-08,229.60563468933105,-1.15e-07
1.21337e-05,0.0,230.97283220291138,8.9e-08
1.20566e-05,-3.8e-08,232.3360948562622,-4.21e-07
1.19869e-05,2.29e-07,233.69499731063843,-2.55e-07
1.21014e-05,-1.3e-08,235.05715370178223,-8.9e-08
1.20118e-05,1.02e-07,236.4066939353943,-1.27e-07
1.20243e-05,-1.53e-07,237.76514768600464,1.3e-08
1.1972e-05,7.6e-08,239.12613201141357,3.19e-07
1.19073e-05,1.78e-07,240.47630190849304,-1.02e-07
1.19521e-05,4.08e-07,241.82594656944275,-2.17e-07
1.1982e-05,-6.4e-08,243.1864402294159,-1.4e-07
1.19098e-05,3.19e-07,244.5395212173462,-1.3e-08
1.19123e-05,2.17e-07,245.89112401008606,-1.02e-07
1.18575e-05,7.6e-08,247.2478334903717,-3.44e-07
1.19222e-05,5.1e-08,248.61651635169983,5.1e-08
1.18824e-05,-5.1e-08,249.96761989593506,-2.68e-07
1.18302e-05,1.78e-07,251.3268690109253,-1.15e-07
1.18127e-05,8.9e-08,252.68464255332947,2.5e-08
1.18326e-05,1.27e-07,254.04779434204102,-2.29e-07
1.187e-05,1.3e-08,255.39526391029358,2.29e-07
1.1855e-05,-5.1e-08,256.735910654068,-2.29e-07
1.18127e-05,-1.3e-08,258.1045389175415,6.4e-08
1.1865e-05,-2.29e-07,259.4652216434479,-2.04e-07
1.17903e-05,5.1e-08,260.8170063495636,-7.6e-08
1.1758e-05,3.8e-08,262.16736030578613,8.9e-08
1.17306e-05,-7.6e-08,263.529908657074,1.02e-07
1.16983e-05,1.3e-08,264.89692544937134,-5.1e-08
1.17306e-05,-1.27e-07,266.2619118690491,-1.4e-07
1.17207e-05,2.93e-07,267.6156551837921,-7.6e-08
1.16286e-05,-2.29e-07,268.9607810974121,-1.02e-07
1.16883e-05,3.06e-07,270.3171136379242,2.17e-07
1.16286e-05,1.78e-07,271.6838791370392,-1.02e-07
1.16734e-05,1.53e-07,273.0437705516815,-1.78e-07
1.16336e-05,7.6e-08,274.3965883255005,2.29e-07
1.16261e-05,5.1e-08,275.74744486808777,2.68e-07
1.16186e-05,-8.9e-08,277.1085238456726,-1.4e-07
1.15614e-05,-3.06e-07,278.4672112464905,-1.02e-07
1.15714e-05,1.66e-07,279.81563806533813,-6.4e-08
1.1534e-05,7.6e-08,281.17691922187805,-7.6e-08
1.15863e-05,1.02e-07,282.53708839416504,-3.8e-08
1.16385e-05,8.9e-08,283.8877868652344,-1.78e-07
1.15017e-05,2.93e-07,285.23712944984436,-2.42e-07
1.15415e-05,1.78e-07,286.59654808044434,-2.17e-07
1.14469e-05,0.0,287.9707043170929,3.31e-07
1.15913e-05,3.31e-07,289.3358750343323,-2.17e-07
1.14768e-05,1.78e-07,290.68772315979004,-1.53e-07
1.1432e-05,2.8e-07,292.05355620384216,-1.3e-08
1.13474e-05,-7.6e-08,293.4170162677765,-2.29e-07
1.14793e-05,3.8e-08,294.777379989624,-3.57e-07
1.14594e-05,-1.27e-07,296.1471710205078,2.68e-07
1.1422e-05,1.27e-07,297.50653076171875,-8.9e-08
1.14196e-05,2.5e-08,298.8649525642395,-3.82e-07
1.13549e-05,-1.02e-07,300.2144157886505,5.1e-08
1.14146e-05,-1.78e-07,301.57578229904175,-2.29e-07
1.133e-05,2.42e-07,302.93685579299927,-1.02e-07
1.132e-05,-7.6e-08,304.29599356651306,-2.5e-08
1.14146e-05,7.6e-08,305.64576840400696,7.6e-08
1.13449e-05,1.27e-07,307.00874042510986,2.5e-08
1.13474e-05,2.42e-07,308.36589765548706,-3.82e-07
1.13101e-05,5.1e-08,309.7296738624573,2.8e-07
1.12727e-05,3.19e-07,311.08759093284607,3.8e-08
1.12777e-05,-1.78e-07,312.4322805404663,1.02e-07
1.12528e-05,-1.66e-07,313.78715205192566,-5.1e-08
1.12976e-05,2.8e-07,315.15573477745056,7.6e-08
1.12578e-05,7.6e-08,316.50898909568787,-2.17e-07
1.1208e-05,-1.3e-08,317.8485858440399,-2.04e-07
1.11234e-05,0.0,319.21359491348267,-4.33e-07
1.12404e-05,-2.68e-07,320.57483959198,2.04e-07
1.11732e-05,-2.5e-08,321.9267678260803,-3.95e-07
1.1218e-05,-8.9e-08,323.2853639125824,-1.91e-07
1.12155e-05,-8.9e-08,324.6357650756836,-1.27e-07
1.11583e-05,2.04e-07,326.0050096511841,5.1e-08
1.11632e-05,-1.66e-07,327.3562111854553,-1.3e-08
1.11682e-05,2.5e-08,328.71635460853577,-3.06e-07
1.11284e-05,2.29e-07,330.06652188301086,2.68e-07
1.10786e-05,8.9e-08,331.43023324012756,-2.5e-08
1.11234e-05,5.1e-08,332.78534054756165,-1.4e-07
1.10762e-05,-3.8e-08,334.1367392539978,-5.23e-07
1.10985e-05,3.57e-07,335.4877791404724,-3.95e-07
1.10538e-05,-1.27e-07,336.8512136936188,-3.31e-07
1.11185e-05,8.9e-08,338.2162444591522,-2.68e-07
1.10612e-05,-5.1e-08,339.56630063056946,-1.91e-07
1.10587e-05,-3.82e-07,340.91769528388977,-2.55e-07
1.10264e-05,-1.53e-07,342.2823257446289,2.04e-07
1.10338e-05,1.3e-08,343.6470398902893,-1.78e-07
1.0999e-05,-1.53e-07,345.0057098865509,-5.1e-08
1.10164e-05,-2.93e-07,346.35724925994873,0.0
1.09691e-05,1.02e-07,347.7074613571167,-6.4e-08
1.09194e-05,1.4e-07,349.06998348236084,-4.59e-07
1.09542e-05,-8.9e-08,350.4262843132019,-1.3e-08
1.09667e-05,1.53e-07,351.7871353626251,4.33e-07
1.09219e-05,-1.53e-07,353.1274914741516,-2.5e-08
1.08522e-05,-2.04e-07,354.4860305786133,2.68e-07
1.1004e-05,-4.33e-07,355.85602712631226,-1.15e-07
1.09468e-05,-7.6e-08,357.2071988582611,-1.15e-07
1.08821e-05,1.02e-07,358.5669937133789,1.02e-07
1.08821e-05,-3.06e-07,359.92399311065674,1.91e-07
1.08995e-05,1.27e-07,361.2864043712616,-4.46e-07
1.08771e-05,-1.53e-07,362.6472964286804,-4.21e-07
1.08547e-05,-8.9e-08,363.99722957611084,-7.6e-08
1.08074e-05,3.8e-08,365.3479371070862,2.93e-07
1.08397e-05,-3.8e-08,366.71632647514343,-7.6e-08
1.08821e-05,1.3e-08,368.070827960968,-3.06e-07
1.079e-05,-1.15e-07,369.41792011260986,1.66e-07
1.08074e-05,3.8e-08,370.7778160572052,-1.4e-07
1.06954e-05,2.5e-08,372.1389605998993,-3.95e-07
1.07701e-05,7.6e-08,373.51057600975037,5.1e-08
1.07079e-05,-1.27e-07,374.8669168949127,1.15e-07
1.07775e-05,1.3e-08,376.2076141834259,-1.27e-07
1.07527e-05,5.1e-08,377.5775308609009,-2.93e-07
1.07278e-05,-1.91e-07,378.9432942867279,-4.97e-07
1.07452e-05,-1.4e-07,380.2961974143982,2.5e-08
1.06755e-05,-2.8e-07,381.6470191478729,-2.42e-07
1.06183e-05,1.3e-08,383.00606632232666,1.27e-07
1.05486e-05,5.1e-08,384.36671018600464,-1.27e-07
1.06456e-05,-8.9e-08,385.7213816642761,-1.15e-07
1.06257e-05,6.37e-07,387.08926582336426,1.3e-08
1.06257e-05,0.0,388.43906807899475,7.6e-08
1.05809e-05,-2.5e-08,389.80290246009827,-3.82e-07
1.05785e-05,-5.35e-07,391.16119480133057,-1.53e-07
1.06282e-05,1.4e-07,392.51517152786255,-3.44e-07
1.05511e-05,0.0,393.8661184310913,-2.93e-07
1.05113e-05,-2.42e-07,395.23615193367004,7.6e-08
1.05685e-05,-7.6e-08,396.5979588031769,-3.44e-07
1.05735e-05,-7.6e-08,397.9525349140167,2.5e-08
1.05212e-05,-3.82e-07,399.29616045951843,-1.53e-07
1.04491e-05,3.06e-07,400.656902551651,-4.46e-07
1.05287e-05,-1.53e-07,402.02521443367004,7.6e-08
1.0469e-05,-1.4e-07,403.36683320999146,-5.1e-08
1.04914e-05,-1.66e-07,404.72818636894226,-2.68e-07
1.04764e-05,2.55e-07,406.09602999687195,-1.78e-07
1.04739e-05,5.1e-08,407.44892406463623,-1.53e-07
1.04739e-05,-1.15e-07,408.80706906318665,1.3e-08
1.04192e-05,3.8e-08,410.15736269950867,2.5e-08
1.04515e-05,1.78e-07,411.5580208301544,-2.17e-07
1.04192e-05,-2.17e-07,412.92766284942627,-7.6e-08
1.03993e-05,-1.78e-07,414.2768816947937,7.6e-08
1.03719e-05,-1.27e-07,415.637003660202,-7.6e-08
1.04316e-05,2.55e-07,416.98725724220276,3.8e-08
1.03197e-05,-3.8e-08,418.3581955432892,-5.1e-08
1.04341e-05,3.19e-07,419.7082562446594,1.78e-07
1.02798e-05,1.15e-07,421.06430649757385,-1.27e-07
1.03371e-05,-1.53e-07,422.41774892807007,8.9e-08
1.0245e-05,-3.57e-07,423.78649282455444,-4.84e-07
1.03396e-05,2.5e-08,425.1375470161438,1.3e-08
1.03122e-05,-2.42e-07,426.48878955841064,-1.78e-07
1.03122e-05,-8.9e-08,427.8490309715271,-1.02e-07
1.02351e-05,2.8e-07,429.21797609329224,2.17e-07
1.02973e-05,-2.29e-07,430.5870110988617,-1.27e-07
1.02525e-05,6.4e-08,431.9397597312927,-5.1e-08
1.03147e-05,1.27e-07,433.2985985279083,-4.84e-07
1.01803e-05,-1.27e-07,434.64685249328613,-2.55e-07
1.02724e-05,-3.8e-08,436.0150349140167,0.0
1.02176e-05,-1.15e-07,437.36707973480225,-4.97e-07
1.02027e-05,-7.6e-08,438.717875957489,-1.3e-08
1.01156e-05,2.29e-07,440.07538866996765,-1.4e-07
1.01355e-05,7.6e-08,441.43784284591675,-2.68e-07
1.01803e-05,0.0,442.78612661361694,-1.91e-07
1.02052e-05,-1.66e-07,444.1475830078125,0.0
1.00808e-05,2.8e-07,445.5083487033844,7.6e-08
1.01305e-05,1.53e-07,446.86959528923035,-4.59e-07
1.01604e-05,1.3e-08,448.22941517829895,1.4e-07
1.00484e-05,1.53e-07,449.5705075263977,-2.04e-07
1.01579e-05,-3.95e-07,450.9383976459503,1.02e-07
1.00459e-05,1.53e-07,452.2965865135193,-1.02e-07
1.0148e-05,-3.8e-08,453.6673493385315,0.0
1.01206e-05,-3.82e-07,455.0288362503052,1.15e-07
1.01231e-05,0.0,456.3781177997589,-1.66e-07
1.00534e-05,3.8e-08,457.73145389556885,5.1e-08
1.0031e-05,-3.57e-07,459.1007606983185,-1.91e-07
1.0026e-05,-2.17e-07,460.45803594589233,-3.8e-08
1.0036e-05,-1.15e-07,461.812438249588,1.15e-07
1.00036e-05,-3.7e-07,463.1606411933899,-1.53e-07
9.9912e-06,0.0,464.5295338630676,-1.4e-07
9.9862e-06,0.0,465.88240146636963,3.19e-07
9.9713e-06,6.4e-08,467.23711133003235,1.02e-07
9.9986e-06,0.0,468.5889537334442,-1.02e-07
9.9464e-06,1.91e-07,469.95142126083374,-1.78e-07
9.9837e-06,-5.1e-08,471.31792640686035,-3.8e-08
9.9016e-06,2.68e-07,472.66836762428284,2.5e-08
9.9016e-06,-2.29e-07,474.0228579044342,-1.4e-07
9.8717e-06,-6.4e-08,475.37654209136963,3.95e-07
9.8792e-06,3.82e-07,476.74805760383606,-5.1e-07
9.8742e-06,6.4e-08,478.1085662841797,2.5e-08
9.919e-06,2.5e-08,479.45799112319946,-1.91e-07
9.9016e-06,-3.57e-07,480.8091824054718,-1.91e-07
9.8419e-06,0.0,482.1702616214752,1.66e-07
9.8792e-06,7.6e-08,483.54133558273315,1.27e-07
9.7896e-06,-1.78e-07,484.8977403640747,-2.5e-08
9.8294e-06,3.8e-08,486.24651765823364,1.4e-07
9.7448e-06,-1.27e-07,487.60760164260864,-8.9e-08
9.7349e-06,-2.68e-07,488.9725077152252,-1.53e-07
9.7797e-06,-3.44e-07,490.33036613464355,8.9e-08
9.7498e-06,2.5e-08,491.69005060195923,-1.78e-07
9.7374e-06,5.1e-08,493.0365822315216,-5.23e-07
9.807e-06,-2.5e-08,494.39801263809204,-3.7e-07
9.7025e-06,-4.33e-07,495.7585606575012,-1.02e-07
9.7697e-06,-1.91e-07,497.11772084236145,1.53e-07
9.7125e-06,3.19e-07,498.46896290779114,-3.8e-08
9.7299e-06,2.68e-07,499.8260633945465,-1.66e-07
9.715e-06,-1.27e-07,501.1884505748749,-1.53e-07
9.7473e-06,-1.53e-07,502.5430154800415,1.4e-07
9.715e-06,-1.02e-07,503.8876552581787,7.6e-08
9.7772e-06,1.02e-07,505.236900806427,0.0
9.6801e-06,0.0,506.6084473133087,-2.5e-08
9.6975e-06,1.15e-07,507.9574191570282,1.27e-07
9.6602e-06,1.53e-07,509.3077907562256,-1.15e-07
9.6876e-06,-1.02e-07,510.6675329208374,-4.21e-07
9.6428e-06,1.53e-07,512.0420346260071,-2.04e-07
9.6279e-06,-1.4e-07,513.3975234031677,-2.68e-07
9.5806e-06,1.27e-07,514.7629351615906,1.66e-07
9.6652e-06,-2.29e-07,516.1195120811462,5.1e-08
9.5856e-06,1.91e-07,517.4783933162689,-2.04e-07
9.6478e-06,1.3e-08,518.8396971225739,0.0
9.6055e-06,-2.17e-07,520.1895134449005,-2.93e-07
9.5681e-06,5.1e-08,521.538703918457,-1.53e-07
9.5283e-06,-2.42e-07,522.8986234664917,-7.6e-08
9.5234e-06,-3.8e-08,524.2683482170105,1.66e-07
9.593e-06,2.5e-08,525.6383550167084,2.55e-07
9.5034e-06,-1.66e-07,526.9974179267883,2.68e-07
9.5234e-06,2.5e-08,528.348372220993,-1.27e-07
9.5383e-06,-7.6e-08,529.7087845802307,-6.5e-07
9.5084e-06,-8.9e-08,531.0744693279266,0.0
9.4636e-06,1.78e-07,532.4275534152985,-4.08e-07
9.4288e-06,5.1e-08,533.7689917087555,-2.93e-07
9.5209e-06,1.4e-07,535.1299357414246,-1.27e-07
9.4537e-06,3.8e-08,536.4977288246155,-1.53e-07
9.4885e-06,-1.4e-07,537.8447599411011,2.68e-07
9.4587e-06,4.46e-07,539.1884672641754,-2.93e-07
9.3492e-06,-3.57e-07,540.557825088501,-2.5e-08
9.3392e-06,5.86e-07,541.919184923172,3.8e-08
9.3641e-06,-1.4e-07,543.2688164710999,-1.53e-07
9.3243e-06,1.27e-07,544.6180264949799,-1.15e-07
9.4437e-06,-1.15e-07,545.981053352356,-3.8e-08
9.3492e-06,1.27e-07,547.3473043441772,-2.17e-07
9.3492e-06,-1.27e-07,548.6978619098663,0.0
9.3616e-06,-8.9e-08,550.0535991191864,7.6e-08
9.3691e-06,5.1e-08,551.4098379611969,-2.17e-07
9.272e-06,1.02e-07,552.7686746120453,1.91e-07
9.3467e-06,4.33e-07,554.1283121109009,1.3e-08
9.272e-06,-1.27e-07,555.4786591529846,-1.3e-08
9.3044e-06,-1.3e-08,556.8391683101654,-1.02e-07
9.3691e-06,-1.91e-07,558.2027130126953,-6.4e-08
9.2347e-06,-1.27e-07,559.5580105781555,3.8e-08
9.2422e-06,1.02e-07,560.9214384555817,-6.4e-08
9.1974e-06,1.91e-07,562.2775130271912,-1.4e-07
9.2173e-06,2.17e-07,563.6427042484283,-8.9e-08
9.272e-06,1.27e-07,565.0126252174377,-1.91e-07
9.2919e-06,-3.19e-07,566.3717978000641,-2.42e-07
9.1799e-06,-3.8e-08,567.7200734615326,2.17e-07
9.2496e-06,2.5e-08,569.0772564411163,-7.01e-07
9.2173e-06,1.3e-08,570.4386506080627,-2.42e-07
9.2347e-06,3.31e-07,571.7942011356354,2.5e-08
9.1401e-06,-6.4e-08,573.1521487236023,6.12e-07
9.1177e-06,-6.37e-07,574.509482383728,1.91e-07
9.1376e-06,2.68e-07,575.8748364448547,-5.1e-08
9.1177e-06,-2.29e-07,577.2319362163544,-3.8e-08
9.0331e-06,-3.8e-08,578.5893085002899,-3.19e-07
9.1725e-06,6.4e-08,579.944920539856,-2.5e-08
9.0804e-06,-7.6e-08,581.3006405830383,-3.06e-07
9.1177e-06,-6.4e-08,582.6639349460602,-1.91e-07
9.1327e-06,-4.21e-07,584.0174896717072,1.66e-07
9.0456e-06,2.93e-07,585.3669092655182,-3.8e-08
9.0779e-06,2.29e-07,586.7307221889496,-6.4e-08
9.0505e-06,-2.93e-07,588.0913834571838,-1.3e-08
9.0306e-06,-1.3e-08,589.4558849334717,0.0
9.1028e-06,1.15e-07,590.8142454624176,0.0
9.0132e-06,3.31e-07,592.1585524082184,-3.19e-07
9.0854e-06,-3.19e-07,593.5274350643158,-1.78e-07
8.9734e-06,1.53e-07,594.8895399570465,-2.29e-07
9.053e-06,-1.66e-07,596.2403235435486,-1.15e-07
8.9809e-06,2.93e-07,597.5897154808044,-1.78e-07
9.0406e-06,-3.06e-07,598.9576830863953,8.9e-08
8.9883e-06,-1.53e-07,600.3171088695526,-4.46e-07
8.9983e-06,-1.3e-08,601.6801815032959,-3.57e-07
8.946e-06,7.6e-08,603.024188041687,6.4e-08
8.9485e-06,-3.8e-08,604.3794679641724,1.4e-07
8.9211e-06,-2.42e-07,605.7380497455597,-1.3e-08
8.9286e-06,2.17e-07,607.0979590415955,1.02e-07
8.9435e-06,1.3e-08,608.4514510631561,-2.68e-07
8.9062e-06,7.6e-08,609.8036758899689,-1.66e-07
8.8564e-06,6.4e-08,611.1692750453949,-1.02e-07
8.8739e-06,-3.31e-07,612.5163094997406,-1.27e-07
8.839e-06,0.0,613.8820009231567,-2.68e-07
8.9012e-06,-2.42e-07,615.2413039207458,-2.5e-08
8.8689e-06,-1.4e-07,616.6107897758484,-1.4e-07
8.7743e-06,3.06e-07,617.9698538780212,0.0
8.8042e-06,-2.68e-07,619.3292655944824,-2.93e-07
8.849e-06,-1.3e-08,620.678519487381,6.4e-08
8.8415e-06,1.53e-07,622.0376811027527,-3.44e-07
8.8316e-06,-1.4e-07,623.3990895748138,-8.9e-08
8.8042e-06,-5.61e-07,624.7529413700104,1.53e-07
8.8316e-06,6.4e-08,626.109867811203,4.59e-07
8.8042e-06,2.42e-07,627.4704873561859,6.4e-08
8.9012e-06,8.9e-08,628.8358340263367,0.0
8.7171e-06,7.6e-08,630.1895554065704,-1.91e-07
8.7843e-06,-2.17e-07,631.5317163467407,-1.78e-07
8.7818e-06,1.15e-07,632.8932023048401,-7.6e-08
8.8017e-06,-1.66e-07,634.259978055954,-1.27e-07
8.6847e-06,4.84e-07,635.6107423305511,-1.78e-07
8.7868e-06,2.42e-07,636.9598920345306,1.4e-07
8.6773e-06,-1.4e-07,638.319352388382,3.19e-07
8.6524e-06,-5.1e-08,639.6795921325684,-2.42e-07
8.732e-06,5.1e-08,641.042268037796,2.8e-07
8.6972e-06,1.66e-07,642.389401435852,1.27e-07
8.6375e-06,-6.4e-08,643.7441756725311,-1.53e-07
8.6275e-06,8.9e-08,645.1090092658997,2.55e-07
8.6599e-06,2.55e-07,646.459460735321,-1.53e-07
8.6524e-06,1.3e-08,647.8078775405884,6.4e-08
8.6698e-06,7.6e-08,649.1770567893982,-3.19e-07
8.6673e-06,-2.17e-07,650.542051076889,1.3e-08
8.5927e-06,1.53e-07,651.9119980335236,-7.6e-08
8.6151e-06,-1.66e-07,653.259138584137,6.4e-08
8.5877e-06,-6.4e-08,654.6086814403534,1.3e-08
8.6026e-06,3.8e-08,655.9687519073486,-1.02e-07
8.5404e-06,-6.4e-08,657.3338484764099,-8.9e-08
8.6922e-06,-5.23e-07,658.6953272819519,1.53e-07
8.5479e-06,2.5e-08,660.0470101833344,2.93e-07
8.4782e-06,-2.29e-07,661.3880319595337,2.8e-07
8.5006e-06,-2.29e-07,662.752968788147,-3.31e-07
8.5902e-06,1.02e-07,664.120198726654,-8.9e-08
8.5205e-06,-4.84e-07,665.4718658924103,7.6e-08
8.5429e-06,-2.68e-07,666.8230237960815,-2.5e-08
8.4857e-06,-2.68e-07,668.1817035675049,-6.4e-08
8.5031e-06,1.27e-07,669.5388760566711,1.15e-07
8.4931e-06,-3.31e-07,670.8967113494873,-2.04e-07
8.4832e-06,-3.06e-07,672.2584805488586,-3.82e-07
8.5329e-06,1.27e-07,673.6135859489441,1.91e-07
8.5205e-06,-1.15e-07,674.9625849723816,3.8e-08
8.4931e-06,3.06e-07,676.3281564712524,-1.78e-07
8.3712e-06,1.27e-07,677.6887736320496,-8.9e-08
8.4483e-06,-1.66e-07,679.0495476722717,-1.4e-07
8.4458e-06,-1.4e-07,680.3982264995575,-1.66e-07
8.4558e-06,-7.6e-08,681.769704580307,-7.6e-08
8.416e-06,-8.9e-08,683.1191954612732,-8.9e-08
8.3239e-06,-1.91e-07,684.4783248901367,1.66e-07
8.3463e-06,-8.9e-08,685.824381351471,1.53e-07
8.3189e-06,0.0,687.1904897689819,-2.93e-07
8.3413e-06,3.31e-07,688.5491886138916,2.29e-07
8.2891e-06,5.1e-08,689.9080996513367,-1.02e-07
8.2965e-06,-1.66e-07,691.2484707832336,-3.19e-07
8.3488e-06,2.5e-08,692.6083714962006,-1.4e-07
8.2891e-06,1.4e-07,693.982019662857,-1.66e-07
8.3587e-06,2.04e-07,695.328174829483,1.53e-07
8.3115e-06,-3.57e-07,696.6788771152496,-4.21e-07
8.2965e-06,-2.29e-07,698.0397839546204,1.53e-07
8.3762e-06,3.8e-08,699.398294210434,1.3e-08
8.2368e-06,2.55e-07,700.7582020759583,1.91e-07
8.2692e-06,-2.93e-07,702.118935585022,-3.06e-07
8.2517e-06,-7.6e-08,703.4695844650269,2.5e-08
8.2368e-06,-5.1e-08,704.8436369895935,1.15e-07
8.1671e-06,2.55e-07,706.1988093852997,3.95e-07
8.2368e-06,1.4e-07,707.5542583465576,-8.9e-08
8.2144e-06,0.0,708.9111094474792,-2.04e-07
8.192e-06,-3.8e-08,710.268075466156,-3.82e-07
8.1597e-06,-2.17e-07,711.6295747756958,5.1e-08
8.1796e-06,-2.93e-07,712.9869463443756,0.0
8.1945e-06,-3.8e-08,714.3423945903778,2.68e-07
8.197e-06,1.4e-07,715.6983942985535,-5.1e-08
8.1348e-06,-2.68e-07,717.0697596073151,-1.4e-07
8.207e-06,-2.42e-07,718.4187588691711,1.02e-07
8.08e-06,7.6e-08,719.7677602767944,-4.08e-07
8.1671e-06,-2.5e-08,721.128600358963,-2.8e-07
8.09e-06,2.29e-07,722.5007054805756,-7.6e-08
8.1248e-06,7.6e-08,723.8566308021545,2.17e-07
8.0726e-06,-3.19e-07,725.2143461704254,-4.21e-07
8.0726e-06,8.9e-08,726.5684149265289,-2.55e-07
8.08e-06,-6.4e-08,727.9305295944214,-2.5e-08
8.1572e-06,-2.17e-07,729.2879869937897,-7.6e-08
8.1024e-06,0.0,730.6279833316803,-2.04e-07
8.09e-06,-3.8e-08,731.9923849105835,-4.46e-07
8.0402e-06,-1.78e-07,733.3528897762299,6.4e-08
8.0651e-06,1.3e-08,734.7075281143188,-1.15e-07
8.0153e-06,1.4e-07,736.059656381607,-6.4e-08
8.0502e-06,1.27e-07,737.4129815101624,2.5e-08
8.0477e-06,7.6e-08,738.7777078151703,-1.53e-07
7.9979e-06,-2.42e-07,740.1393392086029,-3.31e-07
8.0178e-06,7.6e-08,741.4891364574432,-1.78e-07
7.983e-06,-4.08e-07,742.8402893543243,6.4e-08
8.0129e-06,0.0,744.2088956832886,3.57e-07
8.0651e-06,-2.55e-07,745.5645611286163,-2.17e-07
7.9805e-06,2.55e-07,746.9097936153412,-1.66e-07
7.9979e-06,-2.29e-07,748.2680478096008,-4.21e-07
7.9705e-06,3.57e-07,749.6391406059265,1.91e-07
7.9233e-06,1.27e-07,750.9905095100403,-1.53e-07
7.9158e-06,1.78e-07,752.3377890586853,-3.31e-07
8.0352e-06,-1.53e-07,753.6865682601929,-8.9e-08
7.9929e-06,-8.9e-08,755.0513834953308,5.1e-08
7.9282e-06,-5.1e-08,756.4187350273132,-7.6e-08
7.9606e-06,-1.3e-08,757.7782926559448,2.42e-07
8.0029e-06,2.8e-07,759.1393983364105,2.5e-08
7.8337e-06,2.5e-08,760.4875626564026,-1.4e-07
7.8312e-06,5.48e-07,761.8370213508606,0.0
7.9233e-06,-1.3e-08,763.2086124420166,-2.17e-07
7.9009e-06,1.66e-07,764.5590009689331,-7.6e-08
7.7864e-06,3.8e-08,765.9108157157898,-1.66e-07
7.8013e-06,-1.4e-07,767.2719550132751,6.4e-08
7.759e-06,-3.57e-07,768.6354887485504,-6.4e-08
7.8486e-06,-2.04e-07,769.9881730079651,-1.3e-08
7.8113e-06,-2.04e-07,771.3288011550903,2.5e-08
7.8113e-06,5.48e-07,772.6921780109406,2.93e-07
7.7889e-06,-1.53e-07,774.0578014850616,-3.57e-07
7.7789e-06,2.04e-07,775.4087913036346,2.17e-07
7.8237e-06,-2.04e-07,776.7598416805267,1.53e-07
7.7366e-06,2.5e-08,778.117258310318,-8.9e-08
7.7192e-06,1.91e-07,779.4793119430542,2.68e-07
7.764e-06,-1.02e-07,780.8359532356262,6.4e-08
7.7167e-06,3.57e-07,782.1902565956116,-1.02e-07
7.7068e-06,-6.4e-08,783.5305736064911,-1.66e-07
7.6894e-06,8.9e-08,784.8970119953156,-1.4e-07
7.7018e-06,-1.4e-07,786.2588725090027,-3.82e-07
7.6421e-06,-2.04e-07,787.6109011173248,-2.68e-07
7.6694e-06,-1.53e-07,788.9740698337555,7.6e-08
7.7093e-06,-2.04e-07,790.3285326957703,-8.9e-08
7.6968e-06,2.55e-07,791.6972343921661,-1.27e-07
7.657e-06,-1.4e-07,793.0519678592682,-3.31e-07
7.6222e-06,2.5e-08,794.3978869915009,-1.15e-07
7.657e-06,-1.53e-07,795.7569553852081,-3.57e-07
7.6744e-06,-5.61e-07,797.1210885047913,-1.3e-08
7.6396e-06,-1.02e-07,798.4811978340149,2.42e-07
7.6097e-06,-3.8e-08,799.819463968277,-1.4e-07
7.6197e-06,2.42e-07,801.1797263622284,-1.53e-07
7.5973e-06,3.44e-07,802.5484807491302,-1.15e-07
7.5724e-06,-7.6e-08,803.8978765010834,-8.9e-08
7.5923e-06,-3.19e-07,805.2451050281525,-2.04e-07
7.6023e-06,1.02e-07,806.6017601490021,3.19e-07
7.55e-06,2.42e-07,807.965548992157,-1.66e-07
7.5052e-06,1.02e-07,809.3196020126343,-4.72e-07
7.5575e-06,-1.3e-08,810.6665375232697,5.1e-08
7.5624e-06,2.17e-07,812.0307104587555,6.4e-08
7.4629e-06,5.1e-08,813.3980450630188,-8.9e-08
7.4654e-06,1.3e-08,814.7447431087494,1.3e-08
7.5351e-06,-1.02e-07,816.1011500358582,8.9e-08
7.5002e-06,-1.27e-07,817.4501206874847,-5.1e-08
7.5425e-06,-3.8e-08,818.8188898563385,1.66e-07
7.4953e-06,-1.66e-07,820.1688694953918,3.8e-08
7.4803e-06,-3.44e-07,821.519323348999,-2.93e-07
7.443e-06,4.46e-07,822.871579170227,-2.5e-08
7.4878e-06,-5.1e-08,824.244062423706,-1.15e-07
7.4928e-06,-4.33e-07,825.5985174179077,-3.57e-07
7.4803e-06,-2.42e-07,826.9449334144592,2.5e-08
7.3907e-06,-1.02e-07,828.2987406253815,-2.93e-07
7.443e-06,-2.29e-07,829.667742729187,-7.6e-08
7.433e-06,-8.9e-08,831.0240793228149,6.4e-08
7.4505e-06,-2.93e-07,832.3786096572876,-7.6e-08
7.4131e-06,2.04e-07,833.7286696434021,-1.66e-07
7.3932e-06,1.02e-07,835.1003029346466,5.1e-08
7.4082e-06,-2.04e-07,836.4479486942291,-1.78e-07
7.4206e-06,1.27e-07,837.7929649353027,3.44e-07
7.4156e-06,1.3e-08,839.1595022678375,-2.5e-08
7.448e-06,1.78e-07,840.5202980041504,-5.99e-07
7.4131e-06,-1.27e-07,841.8793585300446,-1.78e-07
7.3186e-06,-3.8e-08,843.2279250621796,-2.17e-07
7.3982e-06,-2.5e-08,844.5815877914429,-3.8e-08
7.3335e-06,5.1e-08,845.9488973617554,-5.1e-08
7.3235e-06,2.55e-07,847.2982919216156,1.78e-07
7.3385e-06,3.06e-07,848.6487526893616,1.3e-08
7.3235e-06,1.78e-07,850.0147104263306,-3.8e-08
7.2962e-06,-2.8e-07,851.3775832653046,-2.93e-07
7.3459e-06,-4.72e-07,852.7329981327057,-3.8e-08
7.3459e-06,4.59e-07,854.091808795929,-3.19e-07
7.2987e-06,2.04e-07,855.4309704303741,-5.1e-08
7.341e-06,-2.17e-07,856.798463344574,2.68e-07
7.2638e-06,2.42e-07,858.1691691875458,-1.3e-08
7.3061e-06,-2.55e-07,859.5224869251251,-1.4e-07
7.2439e-06,-8.9e-08,860.868809223175,-1.27e-07
7.2116e-06,-2.17e-07,862.2198188304901,-4.72e-07
7.2464e-06,-1.91e-07,863.5891585350037,1.78e-07
7.2016e-06,1.27e-07,864.9385659694672,-1.15e-07
7.2588e-06,3.82e-07,866.2892184257507,-7.6e-08
7.2141e-06,-2.55e-07,867.6492094993591,-8.9e-08
7.1518e-06,2.17e-07,869.0129733085632,-3.19e-07
7.234e-06,2.5e-08,870.3602287769318,-1.91e-07
7.1693e-06,1.66e-07,871.7095928192139,1.02e-07
7.1444e-06,1.3e-08,873.0735340118408,-2.55e-07
7.2141e-06,4.59e-07,874.4301271438599,-4.21e-07
7.1941e-06,3.44e-07,875.7864329814911,3.19e-07
7.1095e-06,-1.02e-07,877.1435601711273,-2.42e-07
7.1867e-06,-6.4e-08,878.5058813095093,1.4e-07
7.127e-06,-3.8e-08,879.870507478714,-4.84e-07
7.1543e-06,-3.06e-07,881.2190635204315,-1.27e-07
7.1344e-06,-1.53e-07,882.577623128891,0.0
7.127e-06,1.53e-07,883.9250810146332,0.0
7.127e-06,1.27e-07,885.2855815887451,-1.02e-07
7.1319e-06,2.29e-07,886.648716211319,1.53e-07
7.0946e-06,1.4e-07,888.0111453533173,-2.04e-07
7.0523e-06,-5.1e-08,889.3583829402924,-6.4e-08
7.127e-06,2.8e-07,890.7319574356079,-3.95e-07
7.015e-06,-3.8e-08,892.0801339149475,-2.42e-07
7.0424e-06,-1.78e-07,893.4344489574432,1.4e-07
7.0847e-06,-2.42e-07,894.7980101108551,-7.6e-08
7.0772e-06,5.23e-07,896.1503329277039,2.42e-07
7.0473e-06,1.02e-07,897.5006318092346,-3.57e-07
7.005e-06,-3.8e-08,898.85937666893,-7.6e-08
7.02e-06,-1.78e-07,900.2280852794647,6.4e-08
6.9976e-06,-2.5e-08,901.5786590576172,3.8e-08
7.015e-06,-1.4e-07,902.9374363422394,-6.4e-08
6.9926e-06,-8.9e-08,904.2885837554932,7.6e-08
6.9627e-06,-3.7e-07,905.6590089797974,-1.91e-07
7.0125e-06,0.0,907.0158615112305,-3.31e-07
6.9801e-06,2.17e-07,908.3614556789398,2.93e-07
6.9528e-06,-3.8e-08,909.7183244228363,-1.02e-07
6.9602e-06,-1.02e-07,911.0865392684937,-6.4e-08
6.9453e-06,-6.4e-08,912.4323973655701,-4.21e-07
6.9378e-06,3.8e-08,913.7892699241638,-1.02e-07
6.9005e-06,1.3e-08,915.1485886573792,-3.57e-07
6.9652e-06,-5.1e-08,916.5212757587433,-7.6e-08
6.9279e-06,-6.4e-08,917.8881304264069,-2.04e-07
6.8906e-06,-3.19e-07,919.2480113506317,-1.78e-07
6.8308e-06,1.4e-07,920.604700088501,-3.7e-07
6.8781e-06,-2.04e-07,921.952229976654,2.93e-07
6.9577e-06,8.9e-08,923.3177905082703,-3.8e-08
6.9154e-06,1.78e-07,924.6785662174225,-4.97e-07
6.8035e-06,1.02e-07,926.0300533771515,-1.15e-07
6.8458e-06,-2.42e-07,927.3887448310852,3.8e-08
6.8731e-06,0.0,928.7500538825989,3.19e-07
6.8881e-06,-2.5e-08,930.1088669300079,-2.42e-07
6.8582e-06,1.27e-07,931.4577767848969,2.5e-08
6.8109e-06,1.15e-07,932.8106458187103,5.1e-08
6.796e-06,1.3e-08,934.1793723106384,-5.1e-08
6.7562e-06,2.68e-07,935.5263020992279,2.5e-08
6.7363e-06,3.57e-07,936.889092206955,1.4e-07
6.7338e-06,3.8e-08,938.2476716041565,2.5e-08
6.8507e-06,6.4e-08,939.6094355583191,2.17e-07
6.8209e-06,0.0,940.9797275066376,-3.44e-07
6.7462e-06,3.06e-07,942.3285381793976,-4.33e-07
6.7462e-06,1.53e-07,943.6797544956207,-2.17e-07
6.7313e-06,0.0,945.0463573932648,-2.55e-07
6.7462e-06,5.1e-08,946.4124369621277,-2.5e-08
6.7661e-06,0.0,947.7667684555054,-4.33e-07
6.7587e-06,2.8e-07,949.1187860965729,8.9e-08
6.7064e-06,-8.9e-08,950.4785435199738,-2.5e-08
6.7014e-06,-2.04e-07,951.8428213596344,-1.4e-07
6.6044e-06,-3.57e-07,953.1985731124878,-1.02e-07
6.7139e-06,-7.6e-08,954.5578217506409,-1.53e-07
6.7462e-06,2.5e-08,955.9200699329376,-1.27e-07
6.6417e-06,5.1e-08,957.268584728241,2.55e-07
6.6442e-06,8.9e-08,958.6306688785553,-3.31e-07
6.6542e-06,6.4e-08,959.9934570789337,1.78e-07
6.6765e-06,2.5e-08,961.3494167327881,-3.19e-07
6.6989e-06,-2.17e-07,962.7034695148468,-3.19e-07
6.6168e-06,-2.5e-08,964.0579953193665,2.5e-08
6.6143e-06,1.66e-07,965.413414478302,5.1e-08
6.6765e-06,-2.68e-07,966.7796168327332,-6.4e-08
6.6716e-06,-1.53e-07,968.1390914916992,-1.02e-07
