Current,Ground,Supply_voltage,TEG_voltage,Time
-6.7686e-06,2.68e-07,-0.0024031,-0.000149988,1.5503218173980713
-6.9428e-06,4.59e-07,-0.0024158,-0.000150026,2.9274373054504395
-6.9179e-06,5.23e-07,-0.0024031,-0.00014944,4.269916296005249
-6.9677e-06,2.68e-07,-0.0024413,-0.00014981,5.609686851501465
-6.7437e-06,4.84e-07,-0.0023777,-0.000149912,6.971331357955933
-7.1419e-06,0.0,-0.0024031,-0.000149593,8.319616079330444
-7.0672e-06,4.59e-07,-0.0024413,-0.000149682,9.651784658432007
-7.0424e-06,2.29e-07,-0.0024158,-0.000149198,10.99217963218689
-6.9179e-06,6.25e-07,-0.0024158,-0.000149427,12.369707822799683
-7.0175e-06,1.02e-07,-0.0024794,-0.000149376,13.71747899055481
-6.9677e-06,4.08e-07,-0.0024667,-0.000149606,15.050395488739014
-6.9428e-06,4.97e-07,-0.0024413,-0.00014944,16.422741174697876
-6.9179e-06,3.82e-07,-0.0024413,-0.000149823,17.767361402511597
-7.0424e-06,1.78e-07,-0.0024794,-0.000149376,19.110044240951538
-7.117e-06,5.48e-07,-0.0024794,-0.000149657,20.46527409553528
-7.1419e-06,3.95e-07,-0.0024413,-0.0001493,21.807820320129395
-7.1668e-06,4.59e-07,-0.002454,-0.000149631,23.158193588256836
-6.893e-06,2.8e-07,-0.0024286,-0.00014981,24.50035810470581
-7.0424e-06,6.5e-07,-0.0023904,-0.000149593,25.85637331008911
-7.0921e-06,2.55e-07,-0.002454,-0.000149466,27.19206690788269
-6.9926e-06,4.08e-07,-0.0024158,-0.000149721,28.55081558227539
-7.1419e-06,-1.15e-07,-0.0024413,-0.000149631,29.894241094589233
-6.893e-06,3.57e-07,-0.0024794,-0.000149351,31.228277683258057
-6.8184e-06,6.12e-07,-0.002454,-0.000149682,32.57984685897827
-7.1668e-06,8.03e-07,-0.0024667,-0.0001493,33.93075251579285
-7.0424e-06,8.92e-07,-0.0024413,-0.000149389,35.25239872932434
-7.0424e-06,7.14e-07,-0.0024921,-0.000149351,36.600510597229004
-6.9677e-06,2.04e-07,-0.0024286,-0.000149478,37.94158411026001
-6.9677e-06,-1.27e-07,-0.002454,-0.00014907,39.29335927963257
-7.117e-06,2.55e-07,-0.0024794,-0.000149325,40.66028666496277
-7.1419e-06,3.31e-07,-0.0024794,-0.000149376,42.00084161758423
-7.0672e-06,2.68e-07,-0.0024794,-0.000149478,43.34034442901611
-6.893e-06,6.12e-07,-0.0024667,-0.000149402,44.69256091117859
-6.8433e-06,2.93e-07,-0.0024158,-0.000149172,46.050493240356445
-6.9428e-06,-1.15e-07,-0.0023904,-0.000149389,47.398447036743164
-6.8682e-06,3.06e-07,-0.0024286,-0.000148905,48.74375295639038
-6.8433e-06,2.68e-07,-0.0024286,-0.000149172,50.080708503723145
-7.117e-06,3.95e-07,-0.0024667,-0.000149262,51.42122197151184
-6.893e-06,3.44e-07,-0.0024667,-0.000149402,52.779552698135376
-6.9677e-06,5.1e-08,-0.0024286,-0.000149453,54.11992073059082
-6.9428e-06,5.35e-07,-0.0024286,-0.000149402,55.45642161369324
-6.8433e-06,1.78e-07,-0.0024286,-0.000149325,56.8082709312439
-6.9926e-06,1.53e-07,-0.0024158,-0.000149249,58.160566329956055
-6.8682e-06,-8.9e-08,-0.0024794,-0.000149185,59.49050259590149
-6.7935e-06,1.53e-07,-0.0024286,-0.000149083,60.838128089904785
-6.9926e-06,7.78e-07,-0.0024286,-0.000149223,62.18974280357361
-7.1419e-06,6.88e-07,-0.0024794,-0.000149007,63.53021812438965
-7.2663e-06,5.61e-07,-0.002454,-0.000149236,64.89495801925659
-7.0175e-06,3.82e-07,-0.0025048,-0.000148956,66.24033784866333
-7.0424e-06,3.57e-07,-0.0024794,-0.000149019,67.57006573677063
-7.0672e-06,2.29e-07,-0.0024413,-0.000149147,68.91738510131836
-7.0175e-06,2.29e-07,-0.0024667,-0.000148752,70.26381707191467
-6.893e-06,3.19e-07,-0.002454,-0.000149109,71.59061908721924
-6.9428e-06,4.08e-07,-0.0024286,-0.000148854,72.93846559524536
-7.1917e-06,4.97e-07,-0.002454,-0.000149045,74.28833794593811
-7.117e-06,3.95e-07,-0.0024286,-0.000149007,75.62032699584961
-6.9428e-06,3.7e-07,-0.0024031,-0.000149109,76.9618010520935
-6.9677e-06,2.8e-07,-0.0024413,-0.000149019,78.30138158798218
-6.8682e-06,4.72e-07,-0.0023904,-0.000149147,79.65430331230164
-6.9428e-06,1.91e-07,-0.0024286,-0.000149058,80.99850702285767
-7.0424e-06,1.78e-07,-0.0024031,-0.000149096,82.33117580413818
-6.9428e-06,4.08e-07,-0.0024413,-0.000149109,83.68642354011536
-6.8433e-06,3.06e-07,-0.002454,-0.000148637,85.02297234535217
-7.0424e-06,4.21e-07,-0.0024031,-0.000148765,86.3603880405426
-6.8433e-06,2.29e-07,-0.0024413,-0.000149134,87.74828314781189
-6.893e-06,6.88e-07,-0.0023904,-0.000149185,89.09089684486389
-7.0424e-06,4.46e-07,-0.0023904,-0.000148854,90.43093299865723
-6.893e-06,3.95e-07,-0.0023777,-0.000148943,91.76782774925232
-6.7935e-06,5.99e-07,-0.0024031,-0.000148981,93.11117577552795
-7.0175e-06,1.27e-07,-0.0024794,-0.000148943,94.4503026008606
-6.9428e-06,1.4e-07,-0.0024286,-0.000148867,95.7982075214386
-7.117e-06,4.33e-07,-0.0024286,-0.000148854,97.16150283813477
-7.0175e-06,1.66e-07,-0.002454,-0.000148752,98.50059032440186
-7.0672e-06,3.57e-07,-0.0024031,-0.000149223,99.838463306427
-7.117e-06,2.93e-07,-0.0024158,-0.000148701,101.17871761322021
-6.9428e-06,5.74e-07,-0.0024286,-0.00014893,102.52074527740479
-7.0424e-06,3.19e-07,-0.0024667,-0.000148637,103.86543321609497
-7.0672e-06,1.66e-07,-0.0024158,-0.000148739,105.20999121665955
-7.0424e-06,2.29e-07,-0.0024031,-0.000148841,106.5564033985138
-7.0175e-06,2.04e-07,-0.0024413,-0.000149019,107.89923310279846
-6.9926e-06,1.4e-07,-0.0024286,-0.000148624,109.24069023132324
-6.9677e-06,3.31e-07,-0.0024158,-0.000149045,110.57110357284546
-6.8682e-06,3.44e-07,-0.002454,-0.000148561,111.92092514038086
-7.0424e-06,7.52e-07,-0.0024031,-0.000148918,113.27979731559753
-6.694e-06,4.21e-07,-0.0024413,-0.00014893,114.62080478668213
-7.0424e-06,6.4e-08,-0.0024031,-0.000148675,115.95780563354492
-6.9926e-06,4.46e-07,-0.0024667,-0.00014879,117.29004979133606
-6.9677e-06,-2.5e-08,-0.0024413,-0.000148637,118.63444995880127
-6.9428e-06,3.57e-07,-0.0024158,-0.00014879,120.00056791305542
-6.9428e-06,4.33e-07,-0.0023777,-0.000148714,121.34051275253296
-6.8433e-06,3.31e-07,-0.0023777,-0.00014851,122.69505906105042
-6.7437e-06,7.6e-08,-0.002365,-0.000148573,124.05111694335938
-6.8433e-06,4.72e-07,-0.0023904,-0.000148777,125.39206433296204
-6.8682e-06,7.6e-08,-0.0024031,-0.000148879,126.74479699134827
-6.8433e-06,1.27e-07,-0.0023904,-0.000148816,128.08119177818298
-7.0175e-06,5.1e-07,-0.0024413,-0.000148561,129.42095518112183
-7.0672e-06,4.21e-07,-0.0024158,-0.000148663,130.8085012435913
-6.9677e-06,1.4e-07,-0.0024413,-0.000148637,132.16133904457092
-7.1419e-06,2.04e-07,-0.0024286,-0.000148331,133.50459361076355
-6.8682e-06,6.4e-08,-0.002454,-0.000148688,134.83803367614746
-6.9677e-06,6.4e-08,-0.0024413,-0.000148675,136.17660331726074
-6.9179e-06,3.95e-07,-0.0024413,-0.000148306,137.5307857990265
-6.8682e-06,2.68e-07,-0.002454,-0.000148701,138.85693788528442
-7.0921e-06,8.9e-08,-0.0024158,-0.000148369,140.2119460105896
-7.0672e-06,8.9e-08,-0.002454,-0.000148369,141.56563997268677
-7.0424e-06,1.91e-07,-0.0024158,-0.000148561,142.89687776565552
-6.9179e-06,2.93e-07,-0.0024158,-0.000148867,144.24056816101074
-6.893e-06,8.9e-08,-0.0023777,-0.000148688,145.5911786556244
-6.7686e-06,4.21e-07,-0.0024158,-0.000148573,146.9217119216919
-6.8682e-06,6.4e-08,-0.0024031,-0.000148242,148.2705578804016
-6.6691e-06,6.4e-08,-0.0024158,-0.000148076,149.6122281551361
-6.9428e-06,1.27e-07,-0.0024286,-0.000148331,150.95425844192505
-6.893e-06,3.7e-07,-0.002454,-0.000148637,152.29005599021912
-6.7935e-06,3.8e-08,-0.0024158,-0.000148382,153.63199543952942
-6.8184e-06,2.04e-07,-0.002365,-0.000148102,154.98120093345642
-6.7189e-06,-1.78e-07,-0.0023523,-0.000148459,156.33109784126282
-6.893e-06,3.8e-08,-0.0023904,-0.000148051,157.67910313606262
-6.8184e-06,-2.5e-08,-0.0024158,-0.000148267,159.0256884098053
-6.8682e-06,1.53e-07,-0.0023777,-0.000148331,160.3705608844757
-6.8184e-06,4.59e-07,-0.0024158,-0.000148127,161.70535707473755
-6.7437e-06,2.55e-07,-0.0023904,-0.000148102,163.04752039909363
0.025949831,-1.27e-07,8.9942986,-0.000148293,164.33307027816772
0.025950329,7.78e-07,8.9944003,-0.000147694,165.60068535804749
0.025950329,3.82e-07,8.9944003,-0.000142927,166.87109851837158
0.02595008,-2.5e-08,8.9943876,-0.0001351,168.14247155189514
0.025950578,8.16e-07,8.9944257,-0.00012498,169.41077184677124
0.02595008,6.5e-07,8.9944511,-0.000112335,170.68572878837585
-7.6396e-06,4.46e-07,8.9944257,-9.9117e-05,172.0221893787384
-7.2414e-06,1.4e-07,-0.0025303,-8.4484e-05,173.40028357505798
-6.8682e-06,6.5e-07,-0.0024667,-7.1916e-05,174.74998331069946
-7.0424e-06,2.17e-07,-0.0024286,-6.3886e-05,176.0914227962494
-7.0175e-06,1.02e-07,-0.0024921,-5.8341e-05,177.43251514434814
-7.0921e-06,4.21e-07,-0.0024794,-5.4542e-05,178.77532505989075
-6.9428e-06,7.6e-08,-0.002454,-5.3013e-05,180.10097360610962
-7.0424e-06,1.02e-07,-0.002454,-5.1929e-05,181.45505785942078
-6.8682e-06,2.29e-07,-0.0024286,-5.2299e-05,182.79996752738953
-6.9677e-06,3.06e-07,-0.0024031,-5.3076e-05,184.13560605049133
-6.9926e-06,5.61e-07,-0.0023777,-5.4797e-05,185.4803729057312
-7.0672e-06,2.04e-07,-0.002454,-5.6531e-05,186.81879115104675
-7.0672e-06,-1.02e-07,-0.0024413,-5.9016e-05,188.16594696044922
-7.0424e-06,2.5e-08,-0.0025048,-6.0903e-05,189.51615190505981
-6.9428e-06,2.17e-07,-0.0024413,-6.3427e-05,190.8591194152832
-7.1419e-06,1.3e-08,-0.002454,-6.5797e-05,192.1913275718689
-6.9179e-06,0.0,-0.0024286,-6.8882e-05,193.54511141777039
-6.8682e-06,2.42e-07,-0.0023904,-7.1266e-05,194.9021978378296
-6.8184e-06,-7.6e-08,-0.0023777,-7.4427e-05,196.24024653434753
-6.8433e-06,1.66e-07,-0.0023904,-7.7078e-05,197.60105323791504
-6.893e-06,8.29e-07,-0.0024286,-7.9245e-05,198.94602012634277
-6.9428e-06,6.25e-07,-0.0024286,-8.1998e-05,200.2785964012146
-7.0175e-06,-3.8e-08,-0.0024286,-8.3808e-05,201.63081240653992
-6.8682e-06,-1.15e-07,-0.0024794,-8.6829e-05,202.97089004516602
-7.0424e-06,2.29e-07,-0.0024286,-8.9034e-05,204.33848309516907
-7.0175e-06,2.42e-07,-0.0024413,-9.124e-05,205.68136501312256
-6.8184e-06,4.33e-07,-0.002365,-9.3088e-05,207.02117824554443
-6.7686e-06,2.55e-07,-0.0024158,-9.5153e-05,208.36247205734253
-6.7935e-06,2.8e-07,-0.0024031,-9.6733e-05,209.71726202964783
-6.9179e-06,-1.53e-07,-0.0024031,-9.8747e-05,211.06027793884277
-6.9179e-06,3.57e-07,-0.002454,-0.000100787,212.4012701511383
-6.9179e-06,2.04e-07,-0.0024031,-0.000101883,213.75938153266907
-7.0424e-06,1.53e-07,-0.002365,-0.000103565,215.13095355033875
-6.9179e-06,4.84e-07,-0.0023777,-0.000105465,216.48177480697632
-7.0672e-06,3.06e-07,-0.0024413,-0.000106625,217.8203160762787
-6.893e-06,1.27e-07,-0.0024286,-0.000108192,219.17128658294678
-6.9179e-06,2.29e-07,-0.0024158,-0.000109301,220.52284002304077
-6.893e-06,1.53e-07,-0.0023904,-0.000110334,221.84983134269714
-6.9926e-06,3.57e-07,-0.0024031,-0.000111583,223.19313287734985
-6.8682e-06,3.44e-07,-0.0024031,-0.000112756,224.57192850112915
-6.8184e-06,5.48e-07,-0.0024158,-0.000113941,225.9211449623108
-6.9179e-06,-1.3e-08,-0.0024286,-0.000114719,227.2682900428772
-6.7686e-06,3.95e-07,-0.0023523,-0.000115828,228.61196613311768
-6.7437e-06,3.95e-07,-0.0023141,-0.000116707,229.95245695114136
-6.6691e-06,4.33e-07,-0.0023396,-0.000117523,231.29717826843262
-6.694e-06,1.78e-07,-0.002365,-0.000118517,232.64620304107666
-6.8433e-06,4.21e-07,-0.0023523,-0.000119282,233.98123264312744
-6.9179e-06,2.17e-07,-0.0023904,-0.000120008,235.33222079277039
-6.7686e-06,5.48e-07,-0.0023523,-0.000120506,236.68346238136292
-6.694e-06,4.97e-07,-0.0023777,-0.00012164,238.01301431655884
-6.893e-06,4.46e-07,-0.0024031,-0.000121997,239.36176466941833
-7.0921e-06,-1.3e-08,-0.0024413,-0.000123055,240.7126624584198
-6.7686e-06,6.4e-08,-0.0024031,-0.000123233,242.03952860832214
-6.8433e-06,6.76e-07,-0.0024413,-0.000123947,243.38171887397766
-7.117e-06,4.08e-07,-0.0024413,-0.00012438,244.7355194091797
-6.9926e-06,3.31e-07,-0.002454,-0.000124725,246.0621678829193
-7.0424e-06,-6.4e-08,-0.0024667,-0.000125591,247.41121530532837
-6.8433e-06,3.19e-07,-0.0024158,-0.000126241,248.76796007156372
-6.9428e-06,2.8e-07,-0.0024158,-0.000126815,250.1114468574524
-7.117e-06,2.42e-07,-0.002454,-0.000127427,251.46510243415833
-6.8682e-06,-3.8e-08,-0.0024286,-0.000127695,252.80970668792725
-6.7437e-06,4.46e-07,-0.0024158,-0.000127835,254.1520562171936
-6.9926e-06,-8.9e-08,-0.0024031,-0.000128166,255.50157618522644
-6.7686e-06,-1.27e-07,-0.0024286,-0.0001286,256.85088753700256
-6.8682e-06,1.02e-07,-0.0024286,-0.000129148,258.18610167503357
-6.9428e-06,2.55e-07,-0.0024413,-0.000129836,259.532039642334
-6.9677e-06,1.3e-08,-0.0024031,-0.000129517,260.8789973258972
-6.893e-06,4.84e-07,-0.002365,-0.000130218,262.2121641635895
-6.7935e-06,2.93e-07,-0.0023777,-0.000130167,263.5609302520752
-6.7935e-06,7.6e-08,-0.0024158,-0.000130996,264.90688705444336
-6.8682e-06,-2.42e-07,-0.0024413,-0.000131404,266.26887679100037
-6.9428e-06,-8.9e-08,-0.0023904,-0.000131417,267.64169573783875
-6.9428e-06,-1.3e-08,-0.0023777,-0.000131863,268.98201155662537
-6.8682e-06,1.91e-07,-0.0024158,-0.00013213,270.3220224380493
-6.8433e-06,1.15e-07,-0.0023904,-0.000132462,271.6613256931305
-6.9926e-06,8.9e-08,-0.0024286,-0.000133023,273.01245045661926
-6.7935e-06,4.84e-07,-0.0024158,-0.000133035,274.35187578201294
-6.893e-06,-2.29e-07,-0.0024286,-0.000132908,275.69426584243774
-6.893e-06,-1.3e-08,-0.0023777,-0.000133329,277.03335213661194
-6.8433e-06,4.33e-07,-0.0023904,-0.000133329,278.381041765213
-6.8682e-06,3.06e-07,-0.0023777,-0.000133545,279.73341369628906
-6.8682e-06,3.8e-08,-0.0023777,-0.000133928,281.08236622810364
-7.0175e-06,2.42e-07,-0.0024158,-0.000134361,282.43145847320557
-6.9926e-06,1.53e-07,-0.0023904,-0.000134488,283.7790858745575
-6.5944e-06,2.93e-07,-0.0023904,-0.000134871,285.13210892677307
-7.0175e-06,7.6e-08,-0.0023904,-0.000134896,286.4715270996094
-6.8682e-06,5.48e-07,-0.0024031,-0.000135126,287.81949281692505
-6.8433e-06,2.29e-07,-0.0024031,-0.000135164,289.16618728637695
-6.7686e-06,1.02e-07,-0.0023777,-0.000135712,290.49996280670166
-6.8433e-06,2.42e-07,-0.002365,-0.00013547,291.8489339351654
-6.5944e-06,-2.5e-08,-0.0024031,-0.000135699,293.1832478046417
-6.694e-06,7.6e-08,-0.002365,-0.000135776,294.53225564956665
-6.8433e-06,3.19e-07,-0.0024158,-0.000136337,295.879225730896
-6.7189e-06,5.1e-08,-0.0023777,-0.000136337,297.2134232521057
-6.6193e-06,2.5e-08,-0.0023777,-0.000136859,298.55191683769226
-6.8433e-06,2.04e-07,-0.0023777,-0.00013663,299.89262890815735
-6.8682e-06,-6.4e-08,-0.0024031,-0.000137127,301.23400378227234
-6.7189e-06,5.74e-07,-0.0023904,-0.000137152,302.58156418800354
-6.893e-06,1.53e-07,-0.0023523,-0.000136936,303.92093563079834
-6.694e-06,3.44e-07,-0.002365,-0.000137191,305.27238368988037
-6.7189e-06,1.53e-07,-0.0023777,-0.000137382,306.6154534816742
-7.0175e-06,3.7e-07,-0.0024031,-0.000137446,307.952650308609
-7.0175e-06,2.04e-07,-0.002365,-0.000137701,309.3031704425812
-6.9926e-06,5.99e-07,-0.0024286,-0.000137752,310.6422071456909
-6.9179e-06,2.17e-07,-0.0023904,-0.000137675,311.98067235946655
-6.893e-06,2.04e-07,-0.0024413,-0.000138325,313.331759929657
-6.8682e-06,1.53e-07,-0.0024158,-0.000138096,314.6780033111572
-6.893e-06,3.44e-07,-0.0024286,-0.000138249,316.02177119255066
-6.893e-06,1.91e-07,-0.002365,-0.000138312,317.3711905479431
-6.8433e-06,-7.6e-08,-0.0024031,-0.000138644,318.70905566215515
-6.7686e-06,1.53e-07,-0.002365,-0.000138822,320.05944895744324
-6.8433e-06,-8.9e-08,-0.002454,-0.000139039,321.40489864349365
-6.7935e-06,1.53e-07,-0.002365,-0.000139192,322.7444772720337
-6.8433e-06,1.27e-07,-0.0023523,-0.000139511,324.0818712711334
-7.0672e-06,2.42e-07,-0.0023904,-0.000139217,325.4220230579376
-6.893e-06,-2.93e-07,-0.0023904,-0.00013937,326.7793765068054
-7.0672e-06,4.21e-07,-0.002454,-0.000139294,328.12193417549133
-7.0672e-06,4.72e-07,-0.0024158,-0.000139625,329.504102230072
-6.893e-06,3.8e-08,-0.0024031,-0.000139358,330.85005497932434
-6.9677e-06,-2.04e-07,-0.002365,-0.000139421,332.189692735672
-6.7189e-06,-2.5e-08,-0.0023777,-0.000139778,333.5429039001465
-6.7935e-06,-2.93e-07,-0.0023904,-0.000139625,334.89620304107666
-6.9179e-06,1.3e-08,-0.0024286,-0.000139702,336.2433466911316
-6.8682e-06,1.4e-07,-0.0023268,-0.000139778,337.5918867588043
-6.8433e-06,2.04e-07,-0.002365,-0.000140059,338.9370319843292
-6.8682e-06,3.44e-07,-0.0023904,-0.000140135,340.29283928871155
-6.9428e-06,2.29e-07,-0.0023904,-0.000140084,341.67951917648315
-6.8184e-06,2.8e-07,-0.0023777,-0.000140263,343.0227692127228
-6.9179e-06,1.15e-07,-0.002454,-0.000140734,344.36878085136414
-7.1917e-06,1.78e-07,-0.0023904,-0.000140594,345.71954369544983
-6.9179e-06,-1.3e-08,-0.0024286,-0.000140581,347.0732271671295
-6.8433e-06,3.82e-07,-0.0024031,-0.000140811,348.4319725036621
-7.0175e-06,1.3e-08,-0.0024413,-0.00014039,349.77989196777344
-6.9428e-06,8.9e-08,-0.002454,-0.000140632,351.1149640083313
-6.8433e-06,1.66e-07,-0.0024158,-0.000141257,352.4525146484375
-6.8682e-06,4.84e-07,-0.0024158,-0.000141346,353.789831161499
-6.7935e-06,4.46e-07,-0.0024158,-0.000141206,355.1382381916046
-6.9428e-06,7.6e-08,-0.0024031,-0.000141129,356.4825575351715
-6.694e-06,1.15e-07,-0.0024158,-0.000141461,357.82963156700134
-7.0672e-06,2.55e-07,-0.0024286,-0.000141805,359.1784656047821
-6.9179e-06,1.4e-07,-0.002365,-0.000141129,360.52250242233276
-6.9179e-06,3.95e-07,-0.0024031,-0.000141384,361.8497951030731
-6.9677e-06,-3.8e-08,-0.0024031,-0.000141703,363.19368529319763
-6.9179e-06,3.8e-08,-0.0024031,-0.000141537,364.52234745025635
-6.7686e-06,1.27e-07,-0.0024031,-0.000141346,365.87129378318787
-6.9926e-06,1.91e-07,-0.0023904,-0.000141665,367.22212839126587
-6.8184e-06,3.19e-07,-0.0024286,-0.000141588,368.5819818973541
-7.0921e-06,1.4e-07,-0.0024031,-0.000141435,369.9131841659546
-7.0921e-06,1.4e-07,-0.0024031,-0.0001422,371.2619619369507
-7.117e-06,3.44e-07,-0.0024286,-0.000141792,372.60218930244446
-6.9677e-06,-5.1e-08,-0.002454,-0.000141728,373.94005155563354
-6.9428e-06,-5.1e-08,-0.0024667,-0.000141282,375.31390357017517
-7.1419e-06,2.55e-07,-0.0024667,-0.000141576,376.66366815567017
-7.1419e-06,1.02e-07,-0.002454,-0.000142162,377.99395513534546
-6.9926e-06,1.15e-07,-0.0024667,-0.000142073,379.35006833076477
-7.0175e-06,1.4e-07,-0.002454,-0.000141958,380.6953749656677
-7.0672e-06,2.68e-07,-0.0024413,-0.000142073,382.0223708152771
-6.893e-06,2.8e-07,-0.0024413,-0.000141907,383.36251616477966
-6.9926e-06,2.55e-07,-0.0024413,-0.000142315,384.71061611175537
-6.9926e-06,-5.1e-08,-0.0024286,-0.000142238,386.0602855682373
-7.117e-06,-6.4e-08,-0.0024413,-0.000142302,387.412549495697
-6.9926e-06,1.78e-07,-0.0024286,-0.000142034,388.7444314956665
-6.9428e-06,3.82e-07,-0.002454,-0.000142735,390.092472076416
-7.1419e-06,5.35e-07,-0.0024286,-0.000142455,391.4326767921448
-7.1668e-06,-2.5e-08,-0.002454,-0.0001422,392.7700891494751
-7.0424e-06,1.53e-07,-0.0024794,-0.000142417,394.1138427257538
-6.9428e-06,1.15e-07,-0.0024031,-0.000142723,395.4538793563843
-6.893e-06,4.21e-07,-0.0024286,-0.000142684,396.8008716106415
-7.0424e-06,1.15e-07,-0.0024286,-0.000143003,398.1421208381653
-7.0921e-06,1.15e-07,-0.0024413,-0.000142353,399.50681352615356
-6.9179e-06,3.19e-07,-0.0024794,-0.000142544,400.84172534942627
-7.0424e-06,2.68e-07,-0.0024286,-0.000142825,402.1932671070099
-7.0921e-06,2.55e-07,-0.0024413,-0.000142978,403.5424199104309
-6.893e-06,3.31e-07,-0.0024158,-0.000143143,404.8647949695587
-6.893e-06,8.9e-08,-0.0023904,-0.00014308,406.2144193649292
-6.9428e-06,2.55e-07,-0.0024158,-0.000142965,407.56609177589417
-6.893e-06,4.84e-07,-0.0024667,-0.000142684,408.89788794517517
-7.0424e-06,1.02e-07,-0.0024413,-0.000142684,410.2403781414032
-7.0424e-06,-8.9e-08,-0.0024031,-0.000142952,411.5745840072632
-6.9428e-06,1.15e-07,-0.0024794,-0.000143449,412.91378235816956
-7.0424e-06,4.59e-07,-0.002454,-0.000143029,414.2727563381195
-7.0921e-06,-1.27e-07,-0.0024158,-0.00014322,415.61595034599304
-7.0175e-06,-6.4e-08,-0.0024286,-0.000143182,416.96053194999695
-7.0424e-06,1.78e-07,-0.0024413,-0.000143207,418.3055317401886
-7.2663e-06,1.78e-07,-0.0024667,-0.000143156,419.6529242992401
-7.0672e-06,1.78e-07,-0.0024286,-0.000143411,421.0023250579834
-7.2165e-06,6.4e-08,-0.0024158,-0.000143003,422.35214495658875
-7.0424e-06,-1.15e-07,-0.0024794,-0.000143398,423.706015586853
-7.1917e-06,5.1e-08,-0.0024158,-0.000143755,425.06017327308655
-7.1419e-06,-3.8e-08,-0.0024794,-0.000143347,426.4028992652893
-6.9179e-06,2.04e-07,-0.0024667,-0.000143449,427.7463414669037
-7.0672e-06,2.93e-07,-0.0024667,-0.000143564,429.07255697250366
-7.3161e-06,3.31e-07,-0.0024667,-0.000143526,430.4263460636139
-7.0921e-06,2.68e-07,-0.002454,-0.000143589,431.77061676979065
-7.0672e-06,-2.04e-07,-0.0024921,-0.000143271,433.097861289978
-7.0672e-06,2.8e-07,-0.0024921,-0.000143768,434.44195008277893
-7.0921e-06,-1.3e-08,-0.0024921,-0.000143156,435.7905147075653
-7.0921e-06,-2.04e-07,-0.0024794,-0.000143309,437.1228165626526
-7.1917e-06,-1.78e-07,-0.0024794,-0.000143322,438.4759109020233
-7.0175e-06,3.8e-08,-0.0024921,-0.000143781,439.8226294517517
-6.9428e-06,1.02e-07,-0.0024158,-0.000143577,441.16334986686707
-7.1917e-06,2.17e-07,-0.002454,-0.000143615,442.51290702819824
-7.1419e-06,2.68e-07,-0.0024667,-0.000143538,443.86897015571594
-7.0672e-06,2.42e-07,-0.0024667,-0.000143946,445.1941990852356
-7.1419e-06,1.53e-07,-0.0024921,-0.000143704,446.54449248313904
-7.1419e-06,7.6e-08,-0.002454,-0.000143832,447.9130485057831
-7.0424e-06,1.91e-07,-0.002454,-0.000143628,449.2531168460846
-6.9926e-06,2.04e-07,-0.002454,-0.000143577,450.599002122879
-6.9428e-06,-1.66e-07,-0.002454,-0.000144061,451.95174646377563
-7.117e-06,6.4e-08,-0.0024921,-0.000143806,453.3343472480774
-7.0672e-06,1.66e-07,-0.0024667,-0.000143717,454.6825273036957
-7.0672e-06,0.0,-0.0024921,-0.00014387,456.0233750343323
-7.2414e-06,1.66e-07,-0.0025176,-0.000143819,457.3732633590698
-7.2663e-06,1.27e-07,-0.0025684,-0.00014373,458.725625038147
-7.2165e-06,4.59e-07,-0.0025303,-0.000143819,460.0506684780121
-7.2414e-06,-2.04e-07,-0.0024921,-0.000143513,461.40076065063477
-7.2663e-06,0.0,-0.0024794,-0.000144125,462.749146938324
-7.0424e-06,4.59e-07,-0.0024794,-0.000143972,464.09338879585266
-7.1917e-06,5.1e-08,-0.0025303,-0.000143526,465.4426050186157
-7.2165e-06,-2.68e-07,-0.0025048,-0.000143908,466.7907726764679
-7.3907e-06,-5.1e-08,-0.0025176,-0.000143589,468.1234347820282
-7.1917e-06,-1.78e-07,-0.0024794,-0.000143857,469.4647390842438
-7.1668e-06,1.78e-07,-0.0025176,-0.000143959,470.8005635738373
-7.2165e-06,5.1e-08,-0.0024921,-0.000143908,472.1430444717407
-7.1917e-06,4.21e-07,-0.0025176,-0.000143934,473.4964396953583
-7.1917e-06,-2.04e-07,-0.0024794,-0.000144125,474.8433849811554
-7.2912e-06,1.66e-07,-0.0024667,-0.00014364,476.1884214878082
-7.341e-06,-1.66e-07,-0.0025048,-0.000143908,477.52842688560486
-7.2165e-06,3.95e-07,-0.0024794,-0.000143895,478.8776330947876
-7.117e-06,1.66e-07,-0.0024921,-0.000144138,480.213543176651
-7.1668e-06,-3.8e-08,-0.0025303,-0.000143742,481.58333563804626
-7.117e-06,-3.8e-08,-0.0025303,-0.000144112,482.93311309814453
-7.3161e-06,3.57e-07,-0.0025303,-0.000144265,484.26310324668884
-7.1668e-06,-1.27e-07,-0.0024667,-0.000143819,485.60323190689087
-6.9179e-06,3.57e-07,-0.0025176,-0.000144456,486.9906322956085
-7.0672e-06,2.93e-07,-0.0024921,-0.000143857,488.33606815338135
0.025949831,-8.9e-08,-0.002454,-0.00014401,489.61272382736206
0.025950578,5.1e-07,8.9945402,-0.000144099,490.87418937683105
0.025950578,7.52e-07,8.994591,-0.000142098,492.1335563659668
0.025950578,1.15e-07,8.9945656,-0.000136464,493.4341781139374
0.025951076,6.12e-07,8.9946164,-0.000127797,494.7130558490753
0.025951076,-2.29e-07,8.9946292,-0.000116898,495.96332836151123
0.025950827,1.66e-07,8.9945783,-0.000104521,497.241357088089
0.025951076,1.78e-07,8.99468,-9.0806e-05,498.50646352767944
0.025950578,3.06e-07,8.9946673,-7.6951e-05,499.77181029319763
0.025951325,2.29e-07,8.9946164,-6.1935e-05,501.04374170303345
0.025951076,4.72e-07,8.9945783,-4.7379e-05,502.3136661052704
0.025950827,5.1e-07,8.9946673,-3.2185e-05,503.5633406639099
0.025951076,-1.78e-07,8.9946546,-1.731e-05,504.850460767746
0.025951574,-2.5e-08,8.9946164,-2.651e-06,506.1136782169342
0.025951076,2.68e-07,8.9946292,1.1727e-05,507.38306879997253
-7.5898e-06,2.55e-07,-0.0027464,2.5659e-05,508.7332615852356
-7.5152e-06,-1.78e-07,-0.0026066,3.8788e-05,510.10524582862854
-7.5152e-06,1.78e-07,-0.0025811,4.7302e-05,511.45406699180603
-7.2912e-06,-2.04e-07,-0.0025684,5.1674e-05,512.7911107540131
-7.2912e-06,2.55e-07,-0.0025939,5.3663e-05,514.1347408294678
-7.4405e-06,4.59e-07,-0.0025557,5.3905e-05,515.4830944538116
-7.2912e-06,-2.5e-08,-0.0025684,5.2108e-05,516.813592672348
-7.4903e-06,2.04e-07,-0.0025939,4.9049e-05,518.1660740375519
-7.2414e-06,-6.4e-08,-0.0025939,4.4995e-05,519.5035393238068
-7.4156e-06,-1.15e-07,-0.002543,4.0508e-05,520.8510262966156
-7.4903e-06,3.57e-07,-0.0025557,3.5525e-05,522.1931743621826
-7.3659e-06,2.55e-07,-0.0025811,3.0477e-05,523.5342988967896
-7.2912e-06,0.0,-0.002543,2.5098e-05,524.881897687912
-7.3659e-06,-1.4e-07,-0.0025303,1.9553e-05,526.2233815193176
-7.2414e-06,6.4e-08,-0.0025684,1.4021e-05,527.572359085083
-7.341e-06,3.8e-08,-0.002543,8.859e-06,528.8981487751007
-7.341e-06,-2.04e-07,-0.0025684,3.671e-06,530.2516987323761
-7.3907e-06,1.15e-07,-0.0025176,-1.632e-06,531.6243989467621
-7.4654e-06,2.93e-07,-0.0025557,-7.113e-06,532.9839057922363
-7.3659e-06,3.57e-07,-0.0025684,-1.202e-05,534.3233966827393
-7.4156e-06,-1.53e-07,-0.0025684,-1.717e-05,535.6732711791992
-7.341e-06,2.42e-07,-0.002543,-2.1618e-05,537.0210580825806
-7.4654e-06,-2.17e-07,-0.0026193,-2.5786e-05,538.3677036762238
-7.2414e-06,1.78e-07,-0.0025557,-3.0069e-05,539.720751285553
-7.2663e-06,1.78e-07,-0.0025811,-3.4671e-05,541.0658440589905
-7.2663e-06,-2.17e-07,-0.002543,-3.8431e-05,542.3934862613678
-7.3161e-06,-3.8e-08,-0.0025684,-4.2153e-05,543.74955534935
-7.3659e-06,3.06e-07,-0.0025684,-4.5543e-05,545.0833716392517
-7.117e-06,1.27e-07,-0.0025684,-4.9112e-05,546.4368243217468
-7.4654e-06,1.15e-07,-0.0025557,-5.2235e-05,547.7929775714874
-7.4903e-06,2.93e-07,-0.0026193,-5.5524e-05,549.1544387340546
-7.5898e-06,0.0,-0.0026193,-5.8315e-05,550.5062687397003
-7.3161e-06,6.4e-08,-0.0025684,-6.0967e-05,551.8544542789459
-7.2912e-06,3.57e-07,-0.0025557,-6.3771e-05,553.1868231296539
-7.4903e-06,1.4e-07,-0.0025684,-6.6295e-05,554.5236058235168
-7.3907e-06,-2.04e-07,-0.0025684,-6.9061e-05,555.8708975315094
-7.3659e-06,-1.3e-08,-0.0025811,-7.1291e-05,557.2219471931458
-7.4903e-06,1.66e-07,-0.0026066,-7.3637e-05,558.5632681846619
-7.4405e-06,1.15e-07,-0.0025811,-7.5179e-05,559.9462358951569
-7.2414e-06,-1.4e-07,-0.0025684,-7.7486e-05,561.2837529182434
-7.341e-06,2.93e-07,-0.0025939,-7.9551e-05,562.6888463497162
-7.3659e-06,3.8e-08,-0.0025939,-8.1412e-05,564.0119118690491
-7.4156e-06,3.31e-07,-0.0025557,-8.3247e-05,565.3734245300293
-7.4405e-06,1.53e-07,-0.0026193,-8.465e-05,566.7228989601135
-7.3907e-06,2.29e-07,-0.0025939,-8.66e-05,568.0731360912323
-7.5152e-06,8.9e-08,-0.002543,-8.8193e-05,569.4077847003937
-7.2414e-06,5.1e-08,-0.0026066,-8.9111e-05,570.7514560222626
-7.3161e-06,1.15e-07,-0.0025939,-9.0908e-05,572.0837643146515
-7.3907e-06,-6.4e-08,-0.0025684,-9.2106e-05,573.4558598995209
-7.3907e-06,1.91e-07,-0.0026066,-9.3317e-05,574.8009493350983
-7.4903e-06,5.1e-08,-0.0025939,-9.4452e-05,576.1335682868958
-7.7142e-06,-2.04e-07,-0.0025811,-9.6223e-05,577.4739127159119
-7.4405e-06,1.78e-07,-0.0026193,-9.6873e-05,578.8582489490509
-7.4903e-06,-3.57e-07,-0.002632,-9.7587e-05,580.1933789253235
-7.5152e-06,-1.53e-07,-0.0026066,-9.8938e-05,581.5436701774597
-7.4654e-06,1.27e-07,-0.0026447,-9.9996e-05,582.8811762332916
-7.4405e-06,-3.19e-07,-0.0026193,-0.000101258,584.2619993686676
-7.5649e-06,-1.4e-07,-0.002632,-0.000102456,585.6034276485443
-7.5898e-06,3.06e-07,-0.0026574,-0.000102839,586.9337952136993
-7.5649e-06,-1.4e-07,-0.0026193,-0.000103527,588.2757678031921
-7.6645e-06,2.93e-07,-0.0026193,-0.000104381,589.6237952709198
-7.5649e-06,8.9e-08,-0.0026956,-0.000105388,590.9738330841064
-7.5649e-06,1.02e-07,-0.0026447,-0.000106293,592.3240115642548
-7.6645e-06,1.3e-08,-0.0026193,-0.000107147,593.6759223937988
-7.7142e-06,1.3e-08,-0.0027083,-0.000107976,595.0045685768127
-7.6147e-06,4.72e-07,-0.002632,-0.000108435,596.3536813259125
-7.3907e-06,1.91e-07,-0.0026574,-0.000109276,597.7034521102905
-7.54e-06,3.8e-08,-0.002632,-0.000110372,599.0443086624146
-7.6147e-06,-2.93e-07,-0.002632,-0.000110168,600.3841080665588
-7.54e-06,1.02e-07,-0.0026574,-0.000110818,601.740241765976
-7.5649e-06,1.78e-07,-0.0026574,-0.000112029,603.0825061798096
-7.7889e-06,1.15e-07,-0.0026829,-0.000112016,604.4139144420624
-7.54e-06,1.53e-07,-0.0026447,-0.000112985,605.7619066238403
-7.54e-06,-1.3e-08,-0.0026447,-0.000113533,607.1042490005493
-7.4903e-06,7.6e-08,-0.0025939,-0.000114298,608.4455780982971
-7.4654e-06,3.8e-08,-0.0025939,-0.000114362,609.8114907741547
-7.5898e-06,3.8e-08,-0.0026574,-0.000114872,611.164920091629
-7.6147e-06,-7.6e-08,-0.0026829,-0.000115279,612.534096956253
-7.6147e-06,-8.9e-08,-0.0026956,-0.000115649,613.8615837097168
-7.4903e-06,2.8e-07,-0.0026956,-0.000116363,615.2080900669098
-7.4903e-06,-2.29e-07,-0.0026574,-0.000116987,616.5467438697815
-7.6894e-06,2.93e-07,-0.0026447,-0.000116975,617.9006342887878
-7.4654e-06,-1.3e-08,-0.002632,-0.00011788,619.2421383857727
-7.7142e-06,2.8e-07,-0.0026447,-0.000118249,620.5747063159943
-7.6396e-06,5.1e-07,-0.0026701,-0.000118517,621.9239571094513
-7.3907e-06,3.57e-07,-0.002632,-0.000118976,623.2641265392303
-7.6396e-06,2.17e-07,-0.0026956,-0.000119231,624.6145896911621
-7.7142e-06,-2.5e-08,-0.0026956,-0.000119601,625.9626052379608
-7.8138e-06,-3.8e-08,-0.0027083,-0.000120123,627.3030359745026
-7.8884e-06,6.4e-08,-0.002721,-0.000120595,628.6539866924286
-7.8387e-06,4.59e-07,-0.002721,-0.000121258,629.994247674942
-7.8387e-06,1.78e-07,-0.0026956,-0.000121321,631.3316967487335
-7.6894e-06,1.15e-07,-0.0027464,-0.000121513,632.6791667938232
-7.7889e-06,1.91e-07,-0.0027083,-0.000122112,634.0240457057953
-7.6645e-06,4.84e-07,-0.0027083,-0.000122341,635.3729710578918
-7.6396e-06,-7.6e-08,-0.0026701,-0.000122061,636.7393319606781
-7.5898e-06,-1.27e-07,-0.0027083,-0.000123284,638.0854299068451
-7.8635e-06,1.91e-07,-0.0027083,-0.000123412,639.4145421981812
-7.6396e-06,4.72e-07,-0.0027083,-0.000123437,640.7620158195496
-7.6894e-06,0.0,-0.002721,-0.000123832,642.114070892334
-7.764e-06,2.55e-07,-0.0026956,-0.000123985,643.4687299728394
-7.8387e-06,1.15e-07,-0.0026829,-0.000124304,644.8159546852112
-7.6147e-06,1.27e-07,-0.0026829,-0.000124661,646.1648387908936
-7.7391e-06,-1.4e-07,-0.0026956,-0.000124725,647.5039005279541
-7.6645e-06,0.0,-0.0026829,-0.000125387,648.8391559123993
-7.764e-06,2.42e-07,-0.0026701,-0.000125464,650.1928987503052
-7.8884e-06,2.5e-08,-0.0027083,-0.000125655,651.5246918201447
-7.9133e-06,-2.5e-08,-0.0026829,-0.000125897,652.8619782924652
-7.8138e-06,3.19e-07,-0.0026829,-0.000125948,654.2176351547241
-7.4654e-06,1.78e-07,-0.0026956,-0.000126624,655.5540962219238
-7.7142e-06,1.15e-07,-0.0026829,-0.000126841,656.8986117839813
-7.5649e-06,-7.6e-08,-0.0026956,-0.000127554,658.2381527423859
-7.8387e-06,-1.02e-07,-0.0026701,-0.000127376,659.5853412151337
-7.7889e-06,2.17e-07,-0.0027591,-0.000127491,660.9323208332062
-7.8387e-06,1.66e-07,-0.0027083,-0.000127567,662.2525007724762
-7.9631e-06,5.48e-07,-0.0026701,-0.000127631,663.5945091247559
-7.7889e-06,7.6e-08,-0.0027464,-0.00012851,664.9347772598267
-7.7889e-06,1.02e-07,-0.0027337,-0.000128561,666.294511795044
-7.9631e-06,-1.02e-07,-0.0027337,-0.000128905,667.6340262889862
-7.8138e-06,-5.1e-08,-0.0027083,-0.000128753,668.9893221855164
-7.764e-06,5.1e-08,-0.0027337,-0.00012888,670.3370962142944
-7.9382e-06,-1.3e-08,-0.0027591,-0.000129517,671.6898460388184
-7.9631e-06,3.19e-07,-0.002721,-0.000129428,673.0257632732391
-7.7889e-06,2.68e-07,-0.0026956,-0.000129836,674.3644680976868
-7.8884e-06,2.8e-07,-0.002721,-0.00012967,675.723806142807
-8.0875e-06,-2.29e-07,-0.0027973,-0.000129861,677.045494556427
-8.0626e-06,7.6e-08,-0.0027337,-0.000130257,678.3955924510956
-7.9133e-06,3.06e-07,-0.0027337,-0.000130282,679.7522387504578
-7.8635e-06,-6.4e-08,-0.0027719,-0.000130512,681.0840804576874
-7.764e-06,2.17e-07,-0.0027464,-0.000130766,682.4265570640564
-7.8387e-06,3.06e-07,-0.0027083,-0.00013069,683.7633509635925
-7.7391e-06,3.06e-07,-0.0027591,-0.000130843,685.1241919994354
-7.7391e-06,7.6e-08,-0.0027083,-0.000131264,686.4624752998352
-8.0129e-06,2.68e-07,-0.002721,-0.000131429,687.802166223526
-8.0129e-06,-8.9e-08,-0.002721,-0.000131582,689.1455719470978
-7.7889e-06,3.06e-07,-0.0027464,-0.00013157,690.5006008148193
-7.764e-06,-1.4e-07,-0.0027083,-0.00013199,691.8245227336884
-7.8387e-06,5.1e-07,-0.0027337,-0.000131735,693.1850640773773
-7.8884e-06,1.27e-07,-0.0027337,-0.00013185,694.5344138145447
-7.9133e-06,-1.27e-07,-0.002721,-0.000132118,695.8623225688934
-7.7142e-06,-5.1e-08,-0.0027337,-0.000132385,697.2049956321716
-8.0377e-06,1.02e-07,-0.0027464,-0.000132156,698.554877281189
-7.988e-06,3.8e-08,-0.0027973,-0.000132678,699.8845372200012
-7.8884e-06,8.9e-08,-0.0027464,-0.000132844,701.2322549819946
-7.8635e-06,2.42e-07,-0.0027337,-0.000133188,702.5821251869202
-7.8635e-06,1.53e-07,-0.0026956,-0.000133099,703.9118463993073
-7.7889e-06,-1.15e-07,-0.0026574,-0.000132997,705.246547460556
-7.8387e-06,2.5e-08,-0.0027083,-0.000133303,706.5953097343445
-7.8138e-06,1.02e-07,-0.002721,-0.000133481,707.9450485706329
-7.6396e-06,1.27e-07,-0.0027464,-0.000133724,709.2954246997833
-7.8884e-06,1.53e-07,-0.002721,-0.000133494,710.6301674842834
-7.7142e-06,2.93e-07,-0.0027719,-0.000133736,711.9780833721161
-7.8387e-06,2.93e-07,-0.0026829,-0.000133775,713.3548593521118
-7.8884e-06,-1.3e-08,-0.0027083,-0.000134323,714.7068462371826
-7.6894e-06,-1.15e-07,-0.0027083,-0.000134055,716.0442876815796
-7.8635e-06,2.29e-07,-0.0027083,-0.000134297,717.3848280906677
-7.6147e-06,1.66e-07,-0.0027464,-0.000134463,718.735826253891
-7.764e-06,3.06e-07,-0.0027464,-0.000134603,720.075766324997
-7.8635e-06,-5.1e-08,-0.0027719,-0.00013459,721.4267499446869
-7.8884e-06,1.02e-07,-0.0027337,-0.000134756,722.772027015686
-7.7391e-06,1.15e-07,-0.0027591,-0.000134463,724.1247832775116
-7.9631e-06,-1.3e-08,-0.0027719,-0.00013468,725.5159614086151
-8.0875e-06,5.1e-08,-0.0027719,-0.000135075,726.8451030254364
-8.0377e-06,1.4e-07,-0.0027591,-0.000135049,728.1944000720978
-7.9133e-06,3.8e-08,-0.0027337,-0.000135062,729.5257642269135
-7.8635e-06,-3.8e-08,-0.0027719,-0.000134922,730.8719258308411
-7.8884e-06,6.4e-08,-0.0027719,-0.000135228,732.2150447368622
-7.988e-06,3.95e-07,-0.002721,-0.000135177,733.5846807956696
-7.6396e-06,-1.3e-08,-0.0027591,-0.000135444,734.9246385097504
-8.0377e-06,1.02e-07,-0.0027464,-0.000135559,736.2649364471436
-7.8635e-06,8.9e-08,-0.0027591,-0.000135444,737.5958483219147
-7.988e-06,1.91e-07,-0.0027591,-0.000135814,738.9393606185913
-7.8138e-06,2.42e-07,-0.0027464,-0.000136005,740.2647800445557
-7.764e-06,2.55e-07,-0.0027464,-0.000136031,741.6060769557953
-7.988e-06,-1.66e-07,-0.0027973,-0.000136005,742.9649970531464
-7.9382e-06,2.93e-07,-0.00281,-0.000136158,744.2960984706879
-8.0129e-06,-1.91e-07,-0.0027719,-0.000136146,745.6505870819092
-7.988e-06,-2.17e-07,-0.0027719,-0.000135712,746.991587638855
-8.0875e-06,3.06e-07,-0.0027846,-0.000136617,748.3957653045654
-7.9631e-06,1.02e-07,-0.0027719,-0.00013626,749.7452874183655
-7.8884e-06,3.8e-08,-0.0027846,-0.000136273,751.0650346279144
-7.9382e-06,4.21e-07,-0.002721,-0.000136706,752.414392709732
-7.8635e-06,2.42e-07,-0.0027464,-0.00013649,753.7618083953857
-7.7889e-06,2.93e-07,-0.0027591,-0.000136655,755.0960426330566
-7.8635e-06,1.91e-07,-0.0027973,-0.000136757,756.4565892219543
-8.0875e-06,2.42e-07,-0.0027337,-0.000136821,757.8021709918976
-7.8635e-06,3.82e-07,-0.0027846,-0.000136885,759.1448018550873
-8.0377e-06,7.6e-08,-0.0027464,-0.000137152,760.4848780632019
-7.9133e-06,-2.8e-07,-0.0027719,-0.000137254,761.8261513710022
-7.9631e-06,1.27e-07,-0.0027464,-0.00013714,763.1751112937927
-8.0377e-06,4.21e-07,-0.0027973,-0.000137701,764.5133421421051
-7.988e-06,2.5e-08,-0.0027083,-0.000137229,765.8624856472015
-8.187e-06,-1.3e-08,-0.00281,-0.000137114,767.205896615982
-7.9133e-06,2.42e-07,-0.0027719,-0.000137229,768.5655696392059
-7.988e-06,4.59e-07,-0.0027973,-0.000137356,769.9067652225494
-8.0875e-06,8.9e-08,-0.0027464,-0.000137395,771.2457611560822
-8.0377e-06,1.02e-07,-0.0027719,-0.000137713,772.5859618186951
-7.9133e-06,1.91e-07,-0.0027464,-0.000137497,773.9375905990601
-7.8884e-06,-1.3e-08,-0.002721,-0.000137892,775.2749862670898
-7.8884e-06,3.31e-07,-0.0027337,-0.000137446,776.6150734424591
-7.9631e-06,1.4e-07,-0.0027337,-0.000137764,777.9656407833099
-7.764e-06,6.4e-08,-0.0027719,-0.000137509,779.3051311969757
-7.7142e-06,-1.3e-08,-0.0027973,-0.000137905,780.6556975841522
-7.8138e-06,1.3e-08,-0.0027337,-0.00013765,782.0235304832458
-8.0129e-06,2.68e-07,-0.0027337,-0.000138121,783.3661794662476
-7.8387e-06,5.1e-07,-0.0027083,-0.00013793,784.7312428951263
-7.988e-06,-1.53e-07,-0.0027846,-0.000138019,786.075998544693
-7.8884e-06,1.66e-07,-0.0027337,-0.000138389,787.4852464199066
-7.8635e-06,-1.02e-07,-0.0027719,-0.000138236,788.824732542038
-7.9133e-06,2.17e-07,-0.0027464,-0.000138606,790.1762087345123
-7.8138e-06,-2.93e-07,-0.0027591,-0.000137943,791.5251858234406
-7.9133e-06,2.55e-07,-0.002721,-0.00013844,792.8522579669952
-8.0129e-06,1.91e-07,-0.0027719,-0.000138147,794.2240097522736
-7.9631e-06,-1.4e-07,-0.0027083,-0.000138363,795.573037147522
-7.8884e-06,8.9e-08,-0.0027846,-0.000138453,796.9040024280548
-7.7142e-06,2.68e-07,-0.0026956,-0.000138402,798.258713722229
-8.0129e-06,2.93e-07,-0.002721,-0.000138631,799.6052060127258
-7.8635e-06,-2.5e-08,-0.0027464,-0.000138593,800.9526417255402
-7.9133e-06,2.8e-07,-0.0027337,-0.000138708,802.2954287528992
-7.8138e-06,-6.4e-08,-0.0026956,-0.000138529,803.6392915248871
-7.8138e-06,-7.6e-08,-0.0027464,-0.000138669,804.985337972641
-7.7889e-06,3.57e-07,-0.0027337,-0.000138746,806.3162875175476
-7.8884e-06,2.5e-08,-0.002721,-0.000138389,807.6650857925415
-7.9382e-06,1.3e-08,-0.0027464,-0.000138478,809.0063972473145
-7.6396e-06,1.66e-07,-0.0026829,-0.000138376,810.3400802612305
-7.764e-06,1.78e-07,-0.0027464,-0.000138606,811.7062215805054
-7.9631e-06,1.4e-07,-0.002721,-0.000138861,813.0549492835999
-7.7889e-06,2.29e-07,-0.0027337,-0.000138911,814.3954293727875
-7.9133e-06,6.4e-08,-0.0026701,-0.000139001,815.755214214325
-7.6894e-06,2.8e-07,-0.0027083,-0.000138797,817.0958135128021
-7.6645e-06,1.66e-07,-0.0026956,-0.000138924,818.4258596897125
-7.7889e-06,1.91e-07,-0.0027083,-0.00013895,819.7740070819855
-7.8138e-06,3.8e-08,-0.0027337,-0.000138529,821.125536441803
-7.9382e-06,-3.06e-07,-0.0027083,-0.00013909,822.4657595157623
-7.764e-06,0.0,-0.0026956,-0.000139434,823.8225841522217
-7.8138e-06,2.29e-07,-0.0027083,-0.000139103,825.1655659675598
-7.5898e-06,1.15e-07,-0.0027337,-0.00013937,826.496217250824
-7.6147e-06,-7.6e-08,-0.0026829,-0.000139103,827.8426053524017
-7.7391e-06,1.27e-07,-0.0026829,-0.000138835,829.1870336532593
-7.8138e-06,-3.8e-08,-0.0027337,-0.000139511,830.5256662368774
-7.8635e-06,8.9e-08,-0.0027464,-0.000139064,831.86541223526
-7.764e-06,1.91e-07,-0.0026829,-0.000139192,833.2050397396088
-7.764e-06,-6.4e-08,-0.0026829,-0.00013895,834.5453176498413
-7.5898e-06,2.8e-07,-0.0026574,-0.000139268,835.877623796463
-7.8884e-06,-8.9e-08,-0.0026829,-0.000139052,837.2263598442078
-7.6147e-06,0.0,-0.0027337,-0.000139166,838.5750632286072
-7.764e-06,-2.93e-07,-0.0027337,-0.000139281,839.9370355606079
-7.7391e-06,-2.5e-08,-0.002721,-0.000139498,841.2950966358185
-7.6645e-06,1.27e-07,-0.0027083,-0.00013895,842.6544959545135
-7.8387e-06,-1.3e-08,-0.002721,-0.000139064,844.0185408592224
-7.7889e-06,-1.02e-07,-0.002721,-0.000139587,845.3645799160004
-7.7142e-06,-1.91e-07,-0.0026956,-0.000139243,846.718733549118
-7.764e-06,6.37e-07,-0.0027083,-0.000139472,848.0857019424438
-7.9133e-06,1.4e-07,-0.002721,-0.000139243,849.4258596897125
-7.7391e-06,1.78e-07,-0.0027464,-0.000139396,850.7643232345581
-7.6147e-06,2.17e-07,-0.0027591,-0.000139715,852.0953960418701
-7.7391e-06,3.19e-07,-0.0027337,-0.00013937,853.4462566375732
-7.7889e-06,-2.29e-07,-0.0027337,-0.000139485,854.7973096370697
-7.7142e-06,1.66e-07,-0.0026701,-0.000139268,856.1410148143768
-7.764e-06,-2.17e-07,-0.0026829,-0.000139651,857.485867023468
-7.6894e-06,6.4e-08,-0.0026956,-0.000139205,858.8315141201019
-7.7142e-06,3.06e-07,-0.0026447,-0.000139485,860.1841111183167
-7.9382e-06,1.78e-07,-0.0027083,-0.000139319,861.5359156131744
-7.6147e-06,4.46e-07,-0.0027083,-0.000139281,862.8745691776276
-7.8635e-06,2.29e-07,-0.0026956,-0.000139562,864.2265102863312
-7.7889e-06,-2.5e-08,-0.0026829,-0.000139982,865.565614938736
-7.988e-06,2.68e-07,-0.0027083,-0.000139664,866.9068806171417
-7.8138e-06,1.27e-07,-0.0027591,-0.000139931,868.2514057159424
-7.764e-06,3.19e-07,-0.0027337,-0.000139332,869.5957479476929
-7.8138e-06,-1.3e-08,-0.0027337,-0.000139829,870.9429037570953
-7.8387e-06,2.29e-07,-0.0026829,-0.0001396,872.2869296073914
-7.6396e-06,3.31e-07,-0.0027337,-0.000139434,873.6249449253082
-7.7889e-06,3.19e-07,-0.0026956,-0.000139498,874.972868680954
-7.8387e-06,1.3e-08,-0.002721,-0.00013974,876.3161742687225
-7.7142e-06,3.7e-07,-0.0026701,-0.000139472,877.6650211811066
-7.9631e-06,1.4e-07,-0.0026829,-0.000139562,879.0103707313538
-7.6645e-06,1.78e-07,-0.0027464,-0.000139421,880.3416080474854
-7.6147e-06,8.9e-08,-0.0027337,-0.000139944,881.6916179656982
-7.9133e-06,-2.04e-07,-0.0027083,-0.000139549,883.0355036258698
-8.0377e-06,2.17e-07,-0.0027337,-0.000139727,884.365686416626
-7.8884e-06,4.97e-07,-0.0026956,-0.000139625,885.7115452289581
-7.54e-06,2.55e-07,-0.0026829,-0.000139855,887.0330889225006
-7.7142e-06,1.53e-07,-0.0027591,-0.000139867,888.3760464191437
-7.7889e-06,3.7e-07,-0.0026956,-0.000139753,889.7394089698792
-7.6645e-06,2.68e-07,-0.0026829,-0.000139536,891.0951764583588
-7.6894e-06,2.68e-07,-0.0027464,-0.000139778,892.4229204654694
-8.0129e-06,4.08e-07,-0.0026829,-0.000139867,893.7633798122406
-7.9133e-06,1.27e-07,-0.002721,-0.000139918,895.1059033870697
-7.8138e-06,-8.9e-08,-0.0026956,-0.000139842,896.4503860473633
-7.7889e-06,-1.15e-07,-0.0026956,-0.000139931,897.8033351898193
-7.5152e-06,5.1e-08,-0.0026701,-0.000139702,899.136106967926
-7.8138e-06,1.66e-07,-0.0027083,-0.000140161,900.4862303733826
-7.8138e-06,1.15e-07,-0.0027464,-0.000139969,901.8265504837036
-7.8635e-06,1.66e-07,-0.0027083,-0.000139676,903.1985194683075
-7.7142e-06,2.04e-07,-0.0026701,-0.000140084,904.5388774871826
-7.988e-06,-2.93e-07,-0.0026701,-0.000140046,905.8846352100372
-7.5649e-06,1.66e-07,-0.0026574,-0.000139613,907.2219564914703
-7.8387e-06,1.27e-07,-0.0027464,-0.000139574,908.5559475421906
-7.7889e-06,-5.1e-08,-0.0027337,-0.000139842,909.8952016830444
-7.7391e-06,2.93e-07,-0.0026956,-0.000140071,911.2453167438507
-7.8138e-06,0.0,-0.0026829,-0.000139613,912.5967762470245
-7.6396e-06,5.99e-07,-0.0026956,-0.000139906,913.9232068061829
-7.764e-06,8.9e-08,-0.002721,-0.000139676,915.2656571865082
-7.8138e-06,2.29e-07,-0.0026701,-0.000139702,916.606369972229
-7.6894e-06,1.27e-07,-0.0026829,-0.000139957,917.9473946094513
-7.8138e-06,-8.9e-08,-0.0026574,-0.000140148,919.2930290699005
-7.764e-06,2.17e-07,-0.0027083,-0.000140071,920.6363916397095
-7.7889e-06,5.86e-07,-0.0026701,-0.000139447,921.9847297668457
-7.7889e-06,1.4e-07,-0.0026574,-0.000139625,923.336597442627
-7.6645e-06,-2.17e-07,-0.0026701,-0.000139855,924.676019191742
-7.6645e-06,3.06e-07,-0.0026574,-0.000140263,926.015956401825
-7.4654e-06,2.68e-07,-0.0026956,-0.000139715,927.3563170433044
-7.6396e-06,1.27e-07,-0.0026956,-0.000140071,928.6956992149353
-7.7142e-06,3.31e-07,-0.0026574,-0.000139918,930.0378396511078
-7.4903e-06,1.02e-07,-0.0026447,-0.000139918,931.3950855731964
-7.6894e-06,-8.9e-08,-0.0027083,-0.000139778,932.7255003452301
-7.6645e-06,1.27e-07,-0.0027083,-0.000140071,934.0674104690552
-7.6396e-06,1.91e-07,-0.0026701,-0.000139715,935.4161467552185
-7.6147e-06,-1.15e-07,-0.0026701,-0.000139727,936.7523634433746
-7.6396e-06,2.17e-07,-0.002632,-0.000139791,938.0870637893677
-7.54e-06,7.6e-08,-0.0026829,-0.000139766,939.4375715255737
-7.6645e-06,3.06e-07,-0.0026701,-0.000139842,940.783834695816
-7.6147e-06,3.06e-07,-0.0026701,-0.00013988,942.1378312110901
-7.764e-06,-1.66e-07,-0.002632,-0.00013988,943.4757568836212
-7.6147e-06,1.3e-08,-0.0026701,-0.000139867,944.8264117240906
-7.6645e-06,-5.1e-08,-0.0026956,-0.0001396,946.1762878894806
-7.5898e-06,2.55e-07,-0.002632,-0.000140071,947.5161995887756
-7.5152e-06,1.78e-07,-0.002632,-0.000139969,948.8705682754517
-7.4405e-06,-1.15e-07,-0.0026829,-0.000139689,950.2166087627411
-7.6894e-06,1.66e-07,-0.0026447,-0.000139766,951.5558342933655
-7.7142e-06,-2.17e-07,-0.0025811,-0.0001396,952.8949475288391
-7.5152e-06,2.17e-07,-0.002721,-0.000139689,954.2461116313934
-7.5649e-06,2.5e-08,-0.0026574,-0.000140033,955.5862965583801
-7.6645e-06,-2.5e-08,-0.002632,-0.000139727,956.944314956665
-7.5649e-06,2.68e-07,-0.0026447,-0.00013937,958.286994934082
-7.5152e-06,-8.9e-08,-0.0026066,-0.000139651,959.6164071559906
-7.6147e-06,1.15e-07,-0.0026193,-0.000139587,960.9671392440796
-7.6147e-06,8.9e-08,-0.002632,-0.000139434,962.3154497146606
-7.5152e-06,1.66e-07,-0.0026066,-0.000139613,963.6468334197998
-7.4156e-06,2.42e-07,-0.0026066,-0.000139982,964.9873857498169
-7.5898e-06,-1.91e-07,-0.0026193,-0.000139906,966.3272416591644
-7.6396e-06,1.78e-07,-0.0026193,-0.000139804,967.7067830562592
-7.4156e-06,2.17e-07,-0.0026066,-0.000139625,969.0462746620178
-7.5152e-06,2.68e-07,-0.002632,-0.000139523,970.3880372047424
-7.54e-06,1.78e-07,-0.0025939,-0.000139625,971.738527059555
-7.5898e-06,-2.5e-08,-0.0026447,-0.000139855,973.0669085979462
-7.4903e-06,1.53e-07,-0.0026829,-0.000139753,974.4174547195435
-7.54e-06,-2.8e-07,-0.002632,-0.000140008,975.7934308052063
-7.4903e-06,-2.42e-07,-0.0026066,-0.000139829,977.1564123630524
-7.3907e-06,3.8e-08,-0.0026193,-0.000140059,978.4963335990906
-7.4654e-06,3.8e-08,-0.0026193,-0.000139829,979.8376431465149
-7.5152e-06,7.6e-08,-0.0026066,-0.000139702,981.1895575523376
-7.6396e-06,-1.4e-07,-0.0026447,-0.000139893,982.5460948944092
-7.6147e-06,0.0,-0.0026701,-0.000139753,983.883819103241
-7.6147e-06,-2.5e-08,-0.0026829,-0.0001396,985.2369728088379
-7.9133e-06,-1.4e-07,-0.0026574,-0.000139906,986.5861148834229
-7.7142e-06,-1.66e-07,-0.002721,-0.00013937,987.9675257205963
-7.6396e-06,-1.4e-07,-0.0026574,-0.000139727,989.3067939281464
-7.4903e-06,-6.4e-08,-0.0026193,-0.0001396,990.6471102237701
-7.5152e-06,4.33e-07,-0.0025939,-0.000139855,992.004096031189
-7.4903e-06,-5.1e-08,-0.0025939,-0.000139409,993.3451592922211
-7.4654e-06,1.91e-07,-0.0025939,-0.000139625,994.7087550163269
-7.5898e-06,1.66e-07,-0.0026447,-0.000139613,996.0465788841248
-7.5649e-06,0.0,-0.002632,-0.000139778,997.3865921497345
-7.4903e-06,-6.4e-08,-0.002632,-0.000139715,998.7386486530304
-7.54e-06,7.6e-08,-0.0026193,-0.000139676,1000.0768301486969
-7.5649e-06,1.27e-07,-0.0026193,-0.000139625,1001.4163978099823
-7.5649e-06,-1.66e-07,-0.002632,-0.000139625,1002.7534973621368
-7.5152e-06,1.78e-07,-0.0025811,-0.000140071,1004.1063771247864
-7.6396e-06,-4.21e-07,-0.0025811,-0.000139613,1005.438812494278
-7.4156e-06,3.82e-07,-0.002632,-0.000139549,1006.7963223457336
-7.4654e-06,-2.5e-08,-0.0025939,-0.000139587,1008.1276488304138
-7.5649e-06,1.02e-07,-0.0026066,-0.000139727,1009.4681227207184
-7.5152e-06,4.21e-07,-0.0026193,-0.000139472,1010.8240649700165
-7.4654e-06,1.78e-07,-0.002632,-0.000139613,1012.1664347648621
-7.3907e-06,1.78e-07,-0.0025811,-0.000139613,1013.5166122913361
-7.341e-06,-4.08e-07,-0.0026066,-0.000139625,1014.8677668571472
-7.4156e-06,3.8e-08,-0.0025811,-0.000139613,1016.2079136371613
-7.4903e-06,4.97e-07,-0.0026066,-0.000139498,1017.5669827461243
-7.5649e-06,1.66e-07,-0.0026574,-0.000139447,1018.911224603653
-7.4903e-06,-4.33e-07,-0.0026193,-0.000139536,1020.2467186450958
-7.4903e-06,2.17e-07,-0.0026701,-0.00013946,1021.5871152877808
-7.7391e-06,2.42e-07,-0.0026701,-0.000139447,1022.9475800991058
-7.3907e-06,2.17e-07,-0.0026447,-0.000139052,1024.2958767414093
-7.4654e-06,8.9e-08,-0.0025811,-0.000139587,1025.6508131027222
-7.6396e-06,2.17e-07,-0.0026447,-0.000139485,1026.9945666790009
-7.6396e-06,-1.3e-08,-0.0026701,-0.000139574,1028.3358733654022
-7.2165e-06,1.78e-07,-0.0026574,-0.000139587,1029.6857187747955
-7.6147e-06,-5.1e-08,-0.0026701,-0.00013937,1031.026326417923
-7.6894e-06,3.44e-07,-0.0025939,-0.000139625,1032.3665540218353
-7.6147e-06,-1.53e-07,-0.0026066,-0.000139383,1033.719774723053
-7.7889e-06,3.06e-07,-0.0026447,-0.000139396,1035.0587556362152
-7.5898e-06,2.93e-07,-0.002632,-0.000139192,1036.4286601543427
-7.5649e-06,-5.23e-07,-0.0026447,-0.000139268,1037.773973941803
-7.341e-06,-1.66e-07,-0.0025684,-0.00013937,1039.133324623108
-7.341e-06,3.8e-08,-0.0025811,-0.000139294,1040.47855758667
-7.6396e-06,2.93e-07,-0.0025684,-0.000139625,1041.8245532512665
-7.4156e-06,-1.3e-08,-0.0026193,-0.000139383,1043.1793780326843
-7.4654e-06,-1.3e-08,-0.0026066,-0.000139319,1044.5250611305237
-7.2912e-06,1.15e-07,-0.002543,-0.000139345,1045.8571529388428
-7.5152e-06,1.91e-07,-0.002543,-0.000139077,1047.2158744335175
-7.4903e-06,5.1e-08,-0.0025684,-0.000139013,1048.6026065349579
-7.5898e-06,2.29e-07,-0.0025303,-0.000139103,1049.9618337154388
-7.3659e-06,-2.5e-08,-0.0025303,-0.000139141,1051.3072173595428
-7.3161e-06,3.19e-07,-0.0025811,-0.000139549,1052.6466190814972
-7.7889e-06,1.02e-07,-0.0026193,-0.000139077,1053.99609041214
-7.3659e-06,2.55e-07,-0.0026193,-0.000139064,1055.3408966064453
-7.5898e-06,2.8e-07,-0.0025939,-0.000139319,1056.66699051857
-7.4405e-06,5.1e-08,-0.0026066,-0.000138822,1058.0435678958893
-7.5152e-06,1.27e-07,-0.0025684,-0.000139192,1059.3912327289581
-7.4903e-06,-6.4e-08,-0.0025684,-0.000139039,1060.7268035411835
-7.4405e-06,3.82e-07,-0.0025557,-0.000139217,1062.072994709015
-7.3659e-06,-1.15e-07,-0.002543,-0.000138873,1063.417420387268
-7.341e-06,4.21e-07,-0.0025684,-0.000139141,1064.7545275688171
-7.2165e-06,2.17e-07,-0.0025557,-0.000139307,1066.1019649505615
-7.4903e-06,-1.53e-07,-0.0025684,-0.000139319,1067.4476597309113
-7.3659e-06,3.8e-08,-0.0025557,-0.000139179,1068.8224213123322
-7.5898e-06,-2.55e-07,-0.0025684,-0.000139013,1070.1578545570374
-7.4156e-06,8.9e-08,-0.0026193,-0.000138924,1071.5001463890076
-7.4903e-06,-2.5e-08,-0.002632,-0.000138873,1072.8449697494507
-7.2912e-06,3.44e-07,-0.002543,-0.000139052,1074.1865854263306
-7.5152e-06,2.93e-07,-0.0025939,-0.00013937,1075.5268671512604
-7.3907e-06,8.9e-08,-0.0025684,-0.000138771,1076.8675651550293
-7.3161e-06,-1.15e-07,-0.0025939,-0.000139128,1078.2141599655151
-7.5649e-06,1.27e-07,-0.0025684,-0.000139307,1079.5539717674255
-7.341e-06,3.31e-07,-0.0025939,-0.000138657,1080.884297132492
-7.5152e-06,-1.3e-08,-0.0025939,-0.000139013,1082.2383615970612
-7.4405e-06,2.68e-07,-0.0026066,-0.000138886,1083.5872764587402
-7.5649e-06,3.8e-08,-0.002632,-0.000138975,1084.9273874759674
-7.5152e-06,3.8e-08,-0.0026066,-0.000138835,1086.2769811153412
-7.7889e-06,-2.5e-08,-0.0026066,-0.000138784,1087.6155638694763
-7.4903e-06,1.27e-07,-0.002632,-0.00013872,1088.9513330459595
-7.4405e-06,-2.04e-07,-0.0026193,-0.000138644,1090.3179388046265
-7.4654e-06,3.95e-07,-0.0026193,-0.000139052,1091.6566541194916
-7.4156e-06,2.42e-07,-0.0026193,-0.00013923,1092.9985015392303
-7.3907e-06,2.04e-07,-0.0025811,-0.000139141,1094.342191696167
-7.4156e-06,-1.66e-07,-0.0026193,-0.000138733,1095.6983184814453
-7.3907e-06,-1.3e-08,-0.0026066,-0.000138924,1097.045175075531
-7.4903e-06,8.9e-08,-0.0025939,-0.000138682,1098.3918216228485
-7.54e-06,1.78e-07,-0.002632,-0.000138555,1099.7356243133545
-7.6147e-06,-2.5e-08,-0.0026193,-0.000138975,1101.0576508045197
-7.4654e-06,1.15e-07,-0.0025811,-0.000138835,1102.396850824356
-7.3907e-06,2.8e-07,-0.0026193,-0.000138759,1103.7476069927216
-7.6396e-06,2.55e-07,-0.0026066,-0.000138835,1105.0973627567291
-7.4156e-06,6.4e-08,-0.0026066,-0.000138427,1106.4440324306488
-7.3659e-06,1.27e-07,-0.0025557,-0.00013909,1107.7650759220123
-7.2414e-06,3.82e-07,-0.0025557,-0.000138478,1109.1076049804688
-7.4903e-06,1.66e-07,-0.0025939,-0.000138274,1110.4607391357422
-7.3907e-06,3.57e-07,-0.0025939,-0.00013881,1111.8004622459412
-7.2912e-06,-3.8e-08,-0.002632,-0.000139077,1113.1487724781036
-7.4903e-06,1.66e-07,-0.0025939,-0.000138223,1114.4971148967743
-7.4156e-06,8.9e-08,-0.0026066,-0.000138223,1115.8390707969666
-7.5152e-06,-1.3e-08,-0.0025684,-0.000138861,1117.1973164081573
-7.3907e-06,1.15e-07,-0.0026066,-0.00013895,1118.546944618225
-7.6147e-06,-6.4e-08,-0.0026447,-0.000138644,1119.9085326194763
-7.3907e-06,-5.1e-08,-0.0025811,-0.000138682,1121.2573900222778
-7.2165e-06,1.4e-07,-0.0025557,-0.00013881,1122.5995609760284
-7.4405e-06,-3.06e-07,-0.0025939,-0.000138708,1123.95450258255
-7.5152e-06,2.68e-07,-0.0025811,-0.000138478,1125.2900819778442
-7.4405e-06,1.66e-07,-0.002543,-0.000138338,1126.6659183502197
-7.4654e-06,3.06e-07,-0.0025557,-0.000138223,1128.0070674419403
-7.3907e-06,2.5e-08,-0.0026447,-0.000138542,1129.3483304977417
-7.5152e-06,1.66e-07,-0.0025684,-0.000138121,1130.6956725120544
-7.341e-06,-2.8e-07,-0.0025939,-0.000138427,1132.0420265197754
-7.6396e-06,2.68e-07,-0.0025811,-0.000138274,1133.3916721343994
-7.3907e-06,2.17e-07,-0.0025684,-0.000138261,1134.7444188594818
-7.4654e-06,4.08e-07,-0.0025684,-0.000138274,1136.0891036987305
-7.3907e-06,1.27e-07,-0.0025684,-0.000138223,1137.4179379940033
-7.4654e-06,-1.15e-07,-0.0025048,-0.000138287,1138.789387702942
-7.4405e-06,1.53e-07,-0.0025939,-0.000138376,1140.126916885376
-7.341e-06,3.8e-08,-0.0025939,-0.000138261,1141.461996793747
-7.4903e-06,-3.19e-07,-0.0025684,-0.000138402,1142.8150095939636
-7.4156e-06,-3.8e-08,-0.0025684,-0.000138389,1144.1584556102753
-7.3161e-06,2.42e-07,-0.0026193,-0.000138465,1145.4994864463806
-7.1419e-06,-1.66e-07,-0.0026066,-0.000137956,1146.8671185970306
-7.2414e-06,2.17e-07,-0.0025684,-0.000138121,1148.2116918563843
-7.341e-06,2.04e-07,-0.002543,-0.000138427,1149.555911064148
-7.4654e-06,-1.3e-08,-0.0025939,-0.00013844,1150.896497964859
-7.4903e-06,-1.78e-07,-0.0025557,-0.000137879,1152.246292591095
-7.3659e-06,1.53e-07,-0.0025684,-0.000138312,1153.588056087494
-7.3161e-06,2.04e-07,-0.002543,-0.000138032,1154.9272441864014
-7.3907e-06,4.08e-07,-0.0025303,-0.00013821,1156.2777326107025
-7.2165e-06,1.78e-07,-0.002543,-0.000138478,1157.7484323978424
-7.3161e-06,-1.53e-07,-0.0025176,-0.000137828,1159.117130279541
-7.2663e-06,1.78e-07,-0.002543,-0.000138236,1160.447688817978
-7.2663e-06,2.68e-07,-0.0025176,-0.000138172,1161.7949430942535
-7.2663e-06,6.4e-08,-0.0025557,-0.000138427,1163.147871017456
-7.2663e-06,5.1e-08,-0.0025684,-0.000138096,1164.4776968955994
-7.4405e-06,3.44e-07,-0.0025176,-0.000138147,1165.8260552883148
-7.3659e-06,3.7e-07,-0.0025684,-0.000137803,1167.177669286728
-7.4654e-06,6.4e-08,-0.0025684,-0.000137981,1168.5196664333344
-7.4903e-06,2.42e-07,-0.0025939,-0.000138172,1169.8589007854462
-7.4903e-06,3.44e-07,-0.0025684,-0.000138108,1171.2005248069763
