Time,Current,Voltage
1.442733049,7.89E-06,-3.06E-07
2.826882839,7.76E-06,0
4.193655729,7.63E-06,-3.19E-07
5.553467512,7.67E-06,-1.02E-07
6.908028126,7.67E-06,-5.10E-08
8.262910604,7.62E-06,0
9.625308037,7.60E-06,-2.80E-07
10.99990821,7.62E-06,-3.06E-07
12.36240149,7.57E-06,-1.30E-08
13.713166,7.57E-06,-1.66E-07
15.07226396,7.56E-06,0
16.42224407,7.59E-06,-7.60E-08
17.7957375,7.61E-06,3.44E-07
19.15388823,7.60E-06,-1.53E-07
20.51361799,7.65E-06,5.10E-08
21.87706089,7.54E-06,-1.30E-08
23.23383808,7.48E-06,1.66E-07
24.61374354,7.57E-06,-8.90E-08
25.97457099,7.55E-06,0
27.33418131,7.59E-06,8.90E-08
28.67722034,7.51E-06,2.93E-07
30.04396462,7.59E-06,-7.60E-08
31.40558791,7.66E-06,1.30E-08
32.7624507,7.58E-06,1.40E-07
34.1236856,7.53E-06,-1.66E-07
35.47399187,7.42E-06,3.57E-07
36.8443141,7.48E-06,1.66E-07
38.19464421,7.18E-06,-2.04E-07
39.55246615,7.97E-06,3.06E-07
40.90309858,9.54E-06,-7.60E-08
42.26272726,1.08E-05,-6.40E-08
43.6253314,1.20E-05,5.48E-07
44.98352933,1.26E-05,-5.10E-08
46.32282019,1.30E-05,-1.30E-08
47.68031955,1.33E-05,2.80E-07
49.05590892,1.34E-05,5.10E-08
50.40418911,1.35E-05,-2.17E-07
51.76400042,1.36E-05,1.02E-07
53.1144383,1.36E-05,1.30E-08
54.47372508,1.38E-05,8.90E-08
55.84416628,1.37E-05,4.97E-07
57.19484258,1.37E-05,-1.27E-07
58.56052661,1.37E-05,8.90E-08
59.91203761,1.37E-05,-1.15E-07
61.27479029,1.37E-05,5.74E-07
62.63466597,1.38E-05,1.15E-07
64.00832081,1.37E-05,1.53E-07
65.3541739,1.37E-05,5.10E-08
66.70242095,1.37E-05,2.04E-07
68.08757925,1.37E-05,1.15E-07
69.44449067,1.37E-05,-1.53E-07
70.79804468,1.37E-05,3.82E-07
72.14476228,1.37E-05,-3.80E-08
73.50725007,1.37E-05,6.40E-08
74.86944509,1.37E-05,-2.93E-07
76.22388577,1.37E-05,-6.40E-08
77.57410693,1.36E-05,7.60E-08
78.92343545,1.36E-05,-5.35E-07
80.28900647,1.37E-05,1.40E-07
81.64746094,1.36E-05,1.78E-07
82.99995065,1.36E-05,-1.78E-07
84.3565197,1.36E-05,1.53E-07
85.72342753,1.37E-05,-1.53E-07
87.07898855,1.36E-05,3.06E-07
88.42340469,1.36E-05,2.68E-07
89.77504873,1.35E-05,1.66E-07
91.13471603,1.36E-05,-5.10E-08
92.50701308,1.35E-05,-2.50E-08
93.85546899,1.35E-05,-8.90E-08
95.20451117,1.35E-05,1.53E-07
96.55533862,1.35E-05,1.02E-07
97.92512774,1.34E-05,-2.29E-07
99.27486157,1.34E-05,2.68E-07
100.6221657,1.34E-05,-8.90E-08
101.9877486,1.34E-05,-1.40E-07
103.3470187,1.34E-05,0
104.7065647,1.35E-05,0
106.0546939,1.34E-05,-3.06E-07
107.4140818,1.34E-05,-1.15E-07
108.7743261,1.33E-05,2.29E-07
110.1349194,1.33E-05,1.91E-07
111.486501,1.34E-05,1.15E-07
112.8443365,1.33E-05,5.10E-08
114.2056584,1.33E-05,2.04E-07
115.5650046,1.32E-05,-2.42E-07
116.9193182,1.33E-05,2.80E-07
118.2638919,1.32E-05,2.50E-08
119.6268172,1.32E-05,2.68E-07
120.9970856,1.31E-05,-3.70E-07
122.3449838,1.32E-05,6.40E-08
123.7051127,1.31E-05,2.17E-07
125.0633516,1.31E-05,2.17E-07
126.4250329,1.32E-05,2.80E-07
127.7759583,1.32E-05,-1.30E-08
129.1285322,1.31E-05,-8.90E-08
130.4851637,1.31E-05,-2.55E-07
131.8494992,1.31E-05,4.21E-07
133.1988959,1.31E-05,3.82E-07
134.5447032,1.31E-05,1.78E-07
135.8987446,1.31E-05,-1.27E-07
137.265434,1.30E-05,7.60E-08
138.6151206,1.30E-05,-2.17E-07
139.9697568,1.30E-05,-1.66E-07
141.3256409,1.30E-05,6.40E-08
142.6968198,1.29E-05,2.04E-07
144.0498526,1.30E-05,-7.60E-08
145.4143484,1.30E-05,8.90E-08
146.7542534,1.28E-05,2.17E-07
148.1254311,1.29E-05,1.15E-07
149.4869006,1.29E-05,2.17E-07
150.8543925,1.29E-05,-5.10E-08
152.2148895,1.29E-05,2.50E-08
153.5600617,1.29E-05,-5.10E-08
154.9168911,1.29E-05,-5.99E-07
156.2846098,1.29E-05,-1.15E-07
157.6394501,1.28E-05,1.27E-07
158.9958522,1.28E-05,1.30E-08
160.3551898,1.27E-05,-1.30E-08
161.7069447,1.28E-05,-1.66E-07
163.078629,1.28E-05,6.40E-08
164.4263783,1.27E-05,-2.50E-08
165.7866302,1.28E-05,-1.15E-07
167.1463094,1.27E-05,-2.50E-08
168.5122149,1.28E-05,1.78E-07
169.8652015,1.26E-05,3.80E-08
171.2240725,1.27E-05,-1.91E-07
172.5650544,1.26E-05,-5.10E-08
173.9401555,1.26E-05,-2.42E-07
175.3164666,1.26E-05,3.06E-07
176.676106,1.26E-05,-5.10E-08
178.0290129,1.26E-05,-6.40E-08
179.374459,1.26E-05,0
180.7348716,1.25E-05,-3.80E-08
182.1025758,1.26E-05,-6.40E-08
183.4483335,1.26E-05,2.29E-07
184.7972836,1.25E-05,7.60E-08
186.1658795,1.25E-05,-1.27E-07
187.5256159,1.25E-05,1.27E-07
188.887008,1.25E-05,2.50E-08
190.2462766,1.24E-05,-7.60E-08
191.5948551,1.24E-05,-3.80E-08
192.9656761,1.25E-05,-4.72E-07
194.3148558,1.24E-05,1.27E-07
195.6785016,1.24E-05,1.91E-07
197.0370445,1.24E-05,8.90E-08
198.3961957,1.24E-05,1.53E-07
199.7555108,1.24E-05,1.78E-07
201.1058993,1.23E-05,1.15E-07
202.4558728,1.24E-05,2.55E-07
203.8166938,1.23E-05,-7.60E-08
205.1757662,1.23E-05,-2.68E-07
206.5266848,1.23E-05,3.31E-07
207.8865092,1.23E-05,-1.27E-07
209.2464998,1.24E-05,-3.80E-08
210.5961454,1.23E-05,2.17E-07
211.9469028,1.22E-05,-3.44E-07
213.3062158,1.23E-05,-1.53E-07
214.6773767,1.22E-05,-1.91E-07
216.0306892,1.22E-05,1.40E-07
217.3748541,1.22E-05,1.27E-07
218.7367439,1.22E-05,-1.66E-07
220.105087,1.22E-05,1.15E-07
221.4554904,1.21E-05,-3.70E-07
222.8164697,1.21E-05,-2.55E-07
224.1659012,1.21E-05,-3.31E-07
225.5362425,1.20E-05,1.53E-07
226.8859553,1.21E-05,-8.90E-08
228.2383614,1.21E-05,1.27E-07
229.6056347,1.21E-05,-1.15E-07
230.9728322,1.21E-05,8.90E-08
232.3360949,1.21E-05,-4.21E-07
233.6949973,1.20E-05,-2.55E-07
235.0571537,1.21E-05,-8.90E-08
236.4066939,1.20E-05,-1.27E-07
237.7651477,1.20E-05,1.30E-08
239.126132,1.20E-05,3.19E-07
240.4763019,1.19E-05,-1.02E-07
241.8259466,1.20E-05,-2.17E-07
243.1864402,1.20E-05,-1.40E-07
244.5395212,1.19E-05,-1.30E-08
245.891124,1.19E-05,-1.02E-07
247.2478335,1.19E-05,-3.44E-07
248.6165164,1.19E-05,5.10E-08
249.9676199,1.19E-05,-2.68E-07
251.326869,1.18E-05,-1.15E-07
252.6846426,1.18E-05,2.50E-08
254.0477943,1.18E-05,-2.29E-07
255.3952639,1.19E-05,2.29E-07
256.7359107,1.19E-05,-2.29E-07
258.1045389,1.18E-05,6.40E-08
259.4652216,1.19E-05,-2.04E-07
260.8170063,1.18E-05,-7.60E-08
262.1673603,1.18E-05,8.90E-08
263.5299087,1.17E-05,1.02E-07
264.8969254,1.17E-05,-5.10E-08
266.2619119,1.17E-05,-1.40E-07
267.6156552,1.17E-05,-7.60E-08
268.9607811,1.16E-05,-1.02E-07
270.3171136,1.17E-05,2.17E-07
271.6838791,1.16E-05,-1.02E-07
273.0437706,1.17E-05,-1.78E-07
274.3965883,1.16E-05,2.29E-07
275.7474449,1.16E-05,2.68E-07
277.1085238,1.16E-05,-1.40E-07
278.4672112,1.16E-05,-1.02E-07
279.8156381,1.16E-05,-6.40E-08
281.1769192,1.15E-05,-7.60E-08
282.5370884,1.16E-05,-3.80E-08
283.8877869,1.16E-05,-1.78E-07
285.2371294,1.15E-05,-2.42E-07
286.5965481,1.15E-05,-2.17E-07
287.9707043,1.14E-05,3.31E-07
289.335875,1.16E-05,-2.17E-07
290.6877232,1.15E-05,-1.53E-07
292.0535562,1.14E-05,-1.30E-08
293.4170163,1.13E-05,-2.29E-07
294.77738,1.15E-05,-3.57E-07
296.147171,1.15E-05,2.68E-07
297.5065308,1.14E-05,-8.90E-08
298.8649526,1.14E-05,-3.82E-07
300.2144158,1.14E-05,5.10E-08
301.5757823,1.14E-05,-2.29E-07
302.9368558,1.13E-05,-1.02E-07
304.2959936,1.13E-05,-2.50E-08
305.6457684,1.14E-05,7.60E-08
307.0087404,1.13E-05,2.50E-08
308.3658977,1.13E-05,-3.82E-07
309.7296739,1.13E-05,2.80E-07
311.0875909,1.13E-05,3.80E-08
312.4322805,1.13E-05,1.02E-07
313.7871521,1.13E-05,-5.10E-08
315.1557348,1.13E-05,7.60E-08
316.5089891,1.13E-05,-2.17E-07
317.8485858,1.12E-05,-2.04E-07
319.2135949,1.11E-05,-4.33E-07
320.5748396,1.12E-05,2.04E-07
321.9267678,1.12E-05,-3.95E-07
323.2853639,1.12E-05,-1.91E-07
324.6357651,1.12E-05,-1.27E-07
326.0050097,1.12E-05,5.10E-08
327.3562112,1.12E-05,-1.30E-08
328.7163546,1.12E-05,-3.06E-07
330.0665219,1.11E-05,2.68E-07
331.4302332,1.11E-05,-2.50E-08
332.7853405,1.11E-05,-1.40E-07
334.1367393,1.11E-05,-5.23E-07
335.4877791,1.11E-05,-3.95E-07
336.8512137,1.11E-05,-3.31E-07
338.2162445,1.11E-05,-2.68E-07
339.5663006,1.11E-05,-1.91E-07
340.9176953,1.11E-05,-2.55E-07
342.2823257,1.10E-05,2.04E-07
343.6470399,1.10E-05,-1.78E-07
345.0057099,1.10E-05,-5.10E-08
346.3572493,1.10E-05,0
347.7074614,1.10E-05,-6.40E-08
349.0699835,1.09E-05,-4.59E-07
350.4262843,1.10E-05,-1.30E-08
351.7871354,1.10E-05,4.33E-07
353.1274915,1.09E-05,-2.50E-08
354.4860306,1.09E-05,2.68E-07
355.8560271,1.10E-05,-1.15E-07
357.2071989,1.09E-05,-1.15E-07
358.5669937,1.09E-05,1.02E-07
359.9239931,1.09E-05,1.91E-07
361.2864044,1.09E-05,-4.46E-07
362.6472964,1.09E-05,-4.21E-07
363.9972296,1.09E-05,-7.60E-08
365.3479371,1.08E-05,2.93E-07
366.7163265,1.08E-05,-7.60E-08
368.070828,1.09E-05,-3.06E-07
369.4179201,1.08E-05,1.66E-07
370.7778161,1.08E-05,-1.40E-07
372.1389606,1.07E-05,-3.95E-07
373.510576,1.08E-05,5.10E-08
374.8669169,1.07E-05,1.15E-07
376.2076142,1.08E-05,-1.27E-07
377.5775309,1.08E-05,-2.93E-07
378.9432943,1.07E-05,-4.97E-07
380.2961974,1.07E-05,2.50E-08
381.6470191,1.07E-05,-2.42E-07
383.0060663,1.06E-05,1.27E-07
384.3667102,1.05E-05,-1.27E-07
385.7213817,1.06E-05,-1.15E-07
387.0892658,1.06E-05,1.30E-08
388.4390681,1.06E-05,7.60E-08
389.8029025,1.06E-05,-3.82E-07
391.1611948,1.06E-05,-1.53E-07
392.5151715,1.06E-05,-3.44E-07
393.8661184,1.06E-05,-2.93E-07
395.2361519,1.05E-05,7.60E-08
396.5979588,1.06E-05,-3.44E-07
397.9525349,1.06E-05,2.50E-08
399.2961605,1.05E-05,-1.53E-07
400.6569026,1.04E-05,-4.46E-07
402.0252144,1.05E-05,7.60E-08
403.3668332,1.05E-05,-5.10E-08
404.7281864,1.05E-05,-2.68E-07
406.09603,1.05E-05,-1.78E-07
407.4489241,1.05E-05,-1.53E-07
408.8070691,1.05E-05,1.30E-08
410.1573627,1.04E-05,2.50E-08
411.5580208,1.05E-05,-2.17E-07
412.9276628,1.04E-05,-7.60E-08
414.2768817,1.04E-05,7.60E-08
415.6370037,1.04E-05,-7.60E-08
416.9872572,1.04E-05,3.80E-08
418.3581955,1.03E-05,-5.10E-08
419.7082562,1.04E-05,1.78E-07
421.0643065,1.03E-05,-1.27E-07
422.4177489,1.03E-05,8.90E-08
423.7864928,1.02E-05,-4.84E-07
425.137547,1.03E-05,1.30E-08
426.4887896,1.03E-05,-1.78E-07
427.849031,1.03E-05,-1.02E-07
429.2179761,1.02E-05,2.17E-07
430.5870111,1.03E-05,-1.27E-07
431.9397597,1.03E-05,-5.10E-08
433.2985985,1.03E-05,-4.84E-07
434.6468525,1.02E-05,-2.55E-07
436.0150349,1.03E-05,0
437.3670797,1.02E-05,-4.97E-07
438.717876,1.02E-05,-1.30E-08
440.0753887,1.01E-05,-1.40E-07
441.4378428,1.01E-05,-2.68E-07
442.7861266,1.02E-05,-1.91E-07
444.147583,1.02E-05,0
445.5083487,1.01E-05,7.60E-08
446.8695953,1.01E-05,-4.59E-07
448.2294152,1.02E-05,1.40E-07
449.5705075,1.00E-05,-2.04E-07
450.9383976,1.02E-05,1.02E-07
452.2965865,1.00E-05,-1.02E-07
453.6673493,1.01E-05,0
455.0288363,1.01E-05,1.15E-07
456.3781178,1.01E-05,-1.66E-07
457.7314539,1.01E-05,5.10E-08
459.1007607,1.00E-05,-1.91E-07
460.4580359,1.00E-05,-3.80E-08
461.8124382,1.00E-05,1.15E-07
463.1606412,1.00E-05,-1.53E-07
464.5295339,9.99E-06,-1.40E-07
465.8824015,9.99E-06,3.19E-07
467.2371113,9.97E-06,1.02E-07
468.5889537,1.00E-05,-1.02E-07
469.9514213,9.95E-06,-1.78E-07
471.3179264,9.98E-06,-3.80E-08
472.6683676,9.90E-06,2.50E-08
474.0228579,9.90E-06,-1.40E-07
475.3765421,9.87E-06,3.95E-07
476.7480576,9.88E-06,-5.10E-07
478.1085663,9.87E-06,2.50E-08
479.4579911,9.92E-06,-1.91E-07
480.8091824,9.90E-06,-1.91E-07
482.1702616,9.84E-06,1.66E-07
483.5413356,9.88E-06,1.27E-07
484.8977404,9.79E-06,-2.50E-08
486.2465177,9.83E-06,1.40E-07
487.6076016,9.74E-06,-8.90E-08
488.9725077,9.73E-06,-1.53E-07
490.3303661,9.78E-06,8.90E-08
491.6900506,9.75E-06,-1.78E-07
493.0365822,9.74E-06,-5.23E-07
494.3980126,9.81E-06,-3.70E-07
495.7585607,9.70E-06,-1.02E-07
497.1177208,9.77E-06,1.53E-07
498.4689629,9.71E-06,-3.80E-08
499.8260634,9.73E-06,-1.66E-07
501.1884506,9.72E-06,-1.53E-07
502.5430155,9.75E-06,1.40E-07
503.8876553,9.72E-06,7.60E-08
505.2369008,9.78E-06,0
506.6084473,9.68E-06,-2.50E-08
507.9574192,9.70E-06,1.27E-07
509.3077908,9.66E-06,-1.15E-07
510.6675329,9.69E-06,-4.21E-07
512.0420346,9.64E-06,-2.04E-07
513.3975234,9.63E-06,-2.68E-07
514.7629352,9.58E-06,1.66E-07
516.1195121,9.67E-06,5.10E-08
517.4783933,9.59E-06,-2.04E-07
518.8396971,9.65E-06,0
520.1895134,9.61E-06,-2.93E-07
521.5387039,9.57E-06,-1.53E-07
522.8986235,9.53E-06,-7.60E-08
524.2683482,9.52E-06,1.66E-07
525.638355,9.59E-06,2.55E-07
526.9974179,9.50E-06,2.68E-07
528.3483722,9.52E-06,-1.27E-07
529.7087846,9.54E-06,-6.50E-07
531.0744693,9.51E-06,0
532.4275534,9.46E-06,-4.08E-07
533.7689917,9.43E-06,-2.93E-07
535.1299357,9.52E-06,-1.27E-07
536.4977288,9.45E-06,-1.53E-07
537.8447599,9.49E-06,2.68E-07
539.1884673,9.46E-06,-2.93E-07
540.5578251,9.35E-06,-2.50E-08
541.9191849,9.34E-06,3.80E-08
543.2688165,9.36E-06,-1.53E-07
544.6180265,9.32E-06,-1.15E-07
545.9810534,9.44E-06,-3.80E-08
547.3473043,9.35E-06,-2.17E-07
548.6978619,9.35E-06,0
550.0535991,9.36E-06,7.60E-08
551.409838,9.37E-06,-2.17E-07
552.7686746,9.27E-06,1.91E-07
554.1283121,9.35E-06,1.30E-08
555.4786592,9.27E-06,-1.30E-08
556.8391683,9.30E-06,-1.02E-07
558.202713,9.37E-06,-6.40E-08
559.5580106,9.23E-06,3.80E-08
560.9214385,9.24E-06,-6.40E-08
562.277513,9.20E-06,-1.40E-07
563.6427042,9.22E-06,-8.90E-08
565.0126252,9.27E-06,-1.91E-07
566.3717978,9.29E-06,-2.42E-07
567.7200735,9.18E-06,2.17E-07
569.0772564,9.25E-06,-7.01E-07
570.4386506,9.22E-06,-2.42E-07
571.7942011,9.23E-06,2.50E-08
573.1521487,9.14E-06,6.12E-07
574.5094824,9.12E-06,1.91E-07
575.8748364,9.14E-06,-5.10E-08
577.2319362,9.12E-06,-3.80E-08
578.5893085,9.03E-06,-3.19E-07
579.9449205,9.17E-06,-2.50E-08
581.3006406,9.08E-06,-3.06E-07
582.6639349,9.12E-06,-1.91E-07
584.0174897,9.13E-06,1.66E-07
585.3669093,9.05E-06,-3.80E-08
586.7307222,9.08E-06,-6.40E-08
588.0913835,9.05E-06,-1.30E-08
589.4558849,9.03E-06,0
590.8142455,9.10E-06,0
592.1585524,9.01E-06,-3.19E-07
593.5274351,9.09E-06,-1.78E-07
594.88954,8.97E-06,-2.29E-07
596.2403235,9.05E-06,-1.15E-07
597.5897155,8.98E-06,-1.78E-07
598.9576831,9.04E-06,8.90E-08
600.3171089,8.99E-06,-4.46E-07
601.6801815,9.00E-06,-3.57E-07
603.024188,8.95E-06,6.40E-08
604.379468,8.95E-06,1.40E-07
605.7380497,8.92E-06,-1.30E-08
607.097959,8.93E-06,1.02E-07
608.4514511,8.94E-06,-2.68E-07
609.8036759,8.91E-06,-1.66E-07
611.169275,8.86E-06,-1.02E-07
612.5163095,8.87E-06,-1.27E-07
613.8820009,8.84E-06,-2.68E-07
615.2413039,8.90E-06,-2.50E-08
616.6107898,8.87E-06,-1.40E-07
617.9698539,8.77E-06,0
619.3292656,8.80E-06,-2.93E-07
620.6785195,8.85E-06,6.40E-08
622.0376811,8.84E-06,-3.44E-07
623.3990896,8.83E-06,-8.90E-08
624.7529414,8.80E-06,1.53E-07
626.1098678,8.83E-06,4.59E-07
627.4704874,8.80E-06,6.40E-08
628.835834,8.90E-06,0
630.1895554,8.72E-06,-1.91E-07
631.5317163,8.78E-06,-1.78E-07
632.8932023,8.78E-06,-7.60E-08
634.2599781,8.80E-06,-1.27E-07
635.6107423,8.68E-06,-1.78E-07
636.959892,8.79E-06,1.40E-07
638.3193524,8.68E-06,3.19E-07
639.6795921,8.65E-06,-2.42E-07
641.042268,8.73E-06,2.80E-07
642.3894014,8.70E-06,1.27E-07
643.7441757,8.64E-06,-1.53E-07
645.1090093,8.63E-06,2.55E-07
646.4594607,8.66E-06,-1.53E-07
647.8078775,8.65E-06,6.40E-08
649.1770568,8.67E-06,-3.19E-07
650.5420511,8.67E-06,1.30E-08
651.911998,8.59E-06,-7.60E-08
653.2591386,8.62E-06,6.40E-08
654.6086814,8.59E-06,1.30E-08
655.9687519,8.60E-06,-1.02E-07
657.3338485,8.54E-06,-8.90E-08
658.6953273,8.69E-06,1.53E-07
660.0470102,8.55E-06,2.93E-07
661.388032,8.48E-06,2.80E-07
662.7529688,8.50E-06,-3.31E-07
664.1201987,8.59E-06,-8.90E-08
665.4718659,8.52E-06,7.60E-08
666.8230238,8.54E-06,-2.50E-08
668.1817036,8.49E-06,-6.40E-08
669.5388761,8.50E-06,1.15E-07
670.8967113,8.49E-06,-2.04E-07
672.2584805,8.48E-06,-3.82E-07
673.6135859,8.53E-06,1.91E-07
674.962585,8.52E-06,3.80E-08
676.3281565,8.49E-06,-1.78E-07
677.6887736,8.37E-06,-8.90E-08
679.0495477,8.45E-06,-1.40E-07
680.3982265,8.45E-06,-1.66E-07
681.7697046,8.46E-06,-7.60E-08
683.1191955,8.42E-06,-8.90E-08
684.4783249,8.32E-06,1.66E-07
685.8243814,8.35E-06,1.53E-07
687.1904898,8.32E-06,-2.93E-07
688.5491886,8.34E-06,2.29E-07
689.9080997,8.29E-06,-1.02E-07
691.2484708,8.30E-06,-3.19E-07
692.6083715,8.35E-06,-1.40E-07
693.9820197,8.29E-06,-1.66E-07
695.3281748,8.36E-06,1.53E-07
696.6788771,8.31E-06,-4.21E-07
698.039784,8.30E-06,1.53E-07
699.3982942,8.38E-06,1.30E-08
700.7582021,8.24E-06,1.91E-07
702.1189356,8.27E-06,-3.06E-07
703.4695845,8.25E-06,2.50E-08
704.843637,8.24E-06,1.15E-07
706.1988094,8.17E-06,3.95E-07
707.5542583,8.24E-06,-8.90E-08
708.9111094,8.21E-06,-2.04E-07
710.2680755,8.19E-06,-3.82E-07
711.6295748,8.16E-06,5.10E-08
712.9869463,8.18E-06,0
714.3423946,8.19E-06,2.68E-07
715.6983943,8.20E-06,-5.10E-08
717.0697596,8.13E-06,-1.40E-07
718.4187589,8.21E-06,1.02E-07
719.7677603,8.08E-06,-4.08E-07
721.1286004,8.17E-06,-2.80E-07
722.5007055,8.09E-06,-7.60E-08
723.8566308,8.12E-06,2.17E-07
725.2143462,8.07E-06,-4.21E-07
726.5684149,8.07E-06,-2.55E-07
727.9305296,8.08E-06,-2.50E-08
729.287987,8.16E-06,-7.60E-08
730.6279833,8.10E-06,-2.04E-07
731.9923849,8.09E-06,-4.46E-07
733.3528898,8.04E-06,6.40E-08
734.7075281,8.07E-06,-1.15E-07
736.0596564,8.02E-06,-6.40E-08
737.4129815,8.05E-06,2.50E-08
738.7777078,8.05E-06,-1.53E-07
740.1393392,8.00E-06,-3.31E-07
741.4891365,8.02E-06,-1.78E-07
742.8402894,7.98E-06,6.40E-08
744.2088957,8.01E-06,3.57E-07
745.5645611,8.07E-06,-2.17E-07
746.9097936,7.98E-06,-1.66E-07
748.2680478,8.00E-06,-4.21E-07
749.6391406,7.97E-06,1.91E-07
750.9905095,7.92E-06,-1.53E-07
752.3377891,7.92E-06,-3.31E-07
753.6865683,8.04E-06,-8.90E-08
755.0513835,7.99E-06,5.10E-08
756.418735,7.93E-06,-7.60E-08
757.7782927,7.96E-06,2.42E-07
759.1393983,8.00E-06,2.50E-08
760.4875627,7.83E-06,-1.40E-07
761.8370214,7.83E-06,0
763.2086124,7.92E-06,-2.17E-07
764.559001,7.90E-06,-7.60E-08
765.9108157,7.79E-06,-1.66E-07
767.271955,7.80E-06,6.40E-08
768.6354887,7.76E-06,-6.40E-08
769.988173,7.85E-06,-1.30E-08
771.3288012,7.81E-06,2.50E-08
772.692178,7.81E-06,2.93E-07
774.0578015,7.79E-06,-3.57E-07
775.4087913,7.78E-06,2.17E-07
776.7598417,7.82E-06,1.53E-07
778.1172583,7.74E-06,-8.90E-08
779.4793119,7.72E-06,2.68E-07
780.8359532,7.76E-06,6.40E-08
782.1902566,7.72E-06,-1.02E-07
783.5305736,7.71E-06,-1.66E-07
784.897012,7.69E-06,-1.40E-07
786.2588725,7.70E-06,-3.82E-07
787.6109011,7.64E-06,-2.68E-07
788.9740698,7.67E-06,7.60E-08
790.3285327,7.71E-06,-8.90E-08
791.6972344,7.70E-06,-1.27E-07
793.0519679,7.66E-06,-3.31E-07
794.397887,7.62E-06,-1.15E-07
795.7569554,7.66E-06,-3.57E-07
797.1210885,7.67E-06,-1.30E-08
798.4811978,7.64E-06,2.42E-07
799.819464,7.61E-06,-1.40E-07
801.1797264,7.62E-06,-1.53E-07
802.5484807,7.60E-06,-1.15E-07
803.8978765,7.57E-06,-8.90E-08
805.245105,7.59E-06,-2.04E-07
806.6017601,7.60E-06,3.19E-07
807.965549,7.55E-06,-1.66E-07
809.319602,7.51E-06,-4.72E-07
810.6665375,7.56E-06,5.10E-08
812.0307105,7.56E-06,6.40E-08
813.3980451,7.46E-06,-8.90E-08
814.7447431,7.47E-06,1.30E-08
816.10115,7.54E-06,8.90E-08
817.4501207,7.50E-06,-5.10E-08
818.8188899,7.54E-06,1.66E-07
820.1688695,7.50E-06,3.80E-08
821.5193233,7.48E-06,-2.93E-07
822.8715792,7.44E-06,-2.50E-08
824.2440624,7.49E-06,-1.15E-07
825.5985174,7.49E-06,-3.57E-07
826.9449334,7.48E-06,2.50E-08
828.2987406,7.39E-06,-2.93E-07
829.6677427,7.44E-06,-7.60E-08
831.0240793,7.43E-06,6.40E-08
832.3786097,7.45E-06,-7.60E-08
833.7286696,7.41E-06,-1.66E-07
835.1003029,7.39E-06,5.10E-08
836.4479487,7.41E-06,-1.78E-07
837.7929649,7.42E-06,3.44E-07
839.1595023,7.42E-06,-2.50E-08
840.520298,7.45E-06,-5.99E-07
841.8793585,7.41E-06,-1.78E-07
843.2279251,7.32E-06,-2.17E-07
844.5815878,7.40E-06,-3.80E-08
845.9488974,7.33E-06,-5.10E-08
847.2982919,7.32E-06,1.78E-07
848.6487527,7.34E-06,1.30E-08
850.0147104,7.32E-06,-3.80E-08
851.3775833,7.30E-06,-2.93E-07
852.7329981,7.35E-06,-3.80E-08
854.0918088,7.35E-06,-3.19E-07
855.4309704,7.30E-06,-5.10E-08
856.7984633,7.34E-06,2.68E-07
858.1691692,7.26E-06,-1.30E-08
859.5224869,7.31E-06,-1.40E-07
860.8688092,7.24E-06,-1.27E-07
862.2198188,7.21E-06,-4.72E-07
863.5891585,7.25E-06,1.78E-07
864.938566,7.20E-06,-1.15E-07
866.2892184,7.26E-06,-7.60E-08
867.6492095,7.21E-06,-8.90E-08
869.0129733,7.15E-06,-3.19E-07
870.3602288,7.23E-06,-1.91E-07
871.7095928,7.17E-06,1.02E-07
873.073534,7.14E-06,-2.55E-07
874.4301271,7.21E-06,-4.21E-07
875.786433,7.19E-06,3.19E-07
877.1435602,7.11E-06,-2.42E-07
878.5058813,7.19E-06,1.40E-07
879.8705075,7.13E-06,-4.84E-07
881.2190635,7.15E-06,-1.27E-07
882.5776231,7.13E-06,0
883.925081,7.13E-06,0
885.2855816,7.13E-06,-1.02E-07
886.6487162,7.13E-06,1.53E-07
888.0111454,7.09E-06,-2.04E-07
889.3583829,7.05E-06,-6.40E-08
890.7319574,7.13E-06,-3.95E-07
892.0801339,7.02E-06,-2.42E-07
893.434449,7.04E-06,1.40E-07
894.7980101,7.08E-06,-7.60E-08
896.1503329,7.08E-06,2.42E-07
897.5006318,7.05E-06,-3.57E-07
898.8593767,7.01E-06,-7.60E-08
900.2280853,7.02E-06,6.40E-08
901.5786591,7.00E-06,3.80E-08
902.9374363,7.02E-06,-6.40E-08
904.2885838,6.99E-06,7.60E-08
905.659009,6.96E-06,-1.91E-07
907.0158615,7.01E-06,-3.31E-07
908.3614557,6.98E-06,2.93E-07
909.7183244,6.95E-06,-1.02E-07
911.0865393,6.96E-06,-6.40E-08
912.4323974,6.95E-06,-4.21E-07
913.7892699,6.94E-06,-1.02E-07
915.1485887,6.90E-06,-3.57E-07
916.5212758,6.97E-06,-7.60E-08
917.8881304,6.93E-06,-2.04E-07
919.2480114,6.89E-06,-1.78E-07
920.6047001,6.83E-06,-3.70E-07
921.95223,6.88E-06,2.93E-07
923.3177905,6.96E-06,-3.80E-08
924.6785662,6.92E-06,-4.97E-07
926.0300534,6.80E-06,-1.15E-07
927.3887448,6.85E-06,3.80E-08
928.7500539,6.87E-06,3.19E-07
930.1088669,6.89E-06,-2.42E-07
931.4577768,6.86E-06,2.50E-08
932.8106458,6.81E-06,5.10E-08
934.1793723,6.80E-06,-5.10E-08
935.5263021,6.76E-06,2.50E-08
936.8890922,6.74E-06,1.40E-07
938.2476716,6.73E-06,2.50E-08
939.6094356,6.85E-06,2.17E-07
940.9797275,6.82E-06,-3.44E-07
942.3285382,6.75E-06,-4.33E-07
943.6797545,6.75E-06,-2.17E-07
945.0463574,6.73E-06,-2.55E-07
946.412437,6.75E-06,-2.50E-08
947.7667685,6.77E-06,-4.33E-07
949.1187861,6.76E-06,8.90E-08
950.4785435,6.71E-06,-2.50E-08
951.8428214,6.70E-06,-1.40E-07
953.1985731,6.60E-06,-1.02E-07
954.5578218,6.71E-06,-1.53E-07
955.9200699,6.75E-06,-1.27E-07
957.2685847,6.64E-06,2.55E-07
958.6306689,6.64E-06,-3.31E-07
959.9934571,6.65E-06,1.78E-07
961.3494167,6.68E-06,-3.19E-07
962.7034695,6.70E-06,-3.19E-07
964.0579953,6.62E-06,2.50E-08
965.4134145,6.61E-06,5.10E-08
966.7796168,6.68E-06,-6.40E-08
968.1390915,6.67E-06,-1.02E-07
969.4900122,6.60E-06,3.80E-08
970.8409982,6.60E-06,1.53E-07
972.2024701,6.63E-06,-1.91E-07
973.5613019,6.60E-06,-2.80E-07
974.9214041,6.58E-06,1.27E-07
976.2691131,6.54E-06,3.31E-07
977.6276186,6.58E-06,-1.78E-07
978.9891095,6.53E-06,-1.40E-07
980.3396137,6.50E-06,1.30E-08
981.7002301,6.59E-06,-5.10E-08
983.0593617,6.52E-06,3.82E-07
984.4211552,6.49E-06,2.04E-07
985.7777841,6.60E-06,-8.90E-08
987.1126785,6.55E-06,-2.50E-08
988.4794595,6.55E-06,2.80E-07
989.8483293,6.52E-06,-1.15E-07
991.20416,6.48E-06,7.60E-08
992.5585823,6.52E-06,-1.02E-07
993.9081798,6.44E-06,-8.90E-08
995.2678413,6.47E-06,-1.91E-07
996.6268032,6.49E-06,0
997.9817717,6.47E-06,1.27E-07
999.3369195,6.40E-06,-5.10E-08
1000.692778,6.45E-06,1.15E-07
1002.059516,6.39E-06,-5.10E-08
1003.409787,6.38E-06,-1.78E-07
1004.767016,6.44E-06,-2.93E-07
1006.119797,6.39E-06,-7.60E-08
1007.47968,6.41E-06,2.29E-07
1008.834522,6.33E-06,-1.53E-07
1010.182096,6.29E-06,-2.17E-07
1011.538465,6.33E-06,1.40E-07
1012.90122,6.46E-06,2.50E-08
1014.258543,6.36E-06,-1.91E-07
1015.601736,6.34E-06,-6.40E-08
1016.964403,6.33E-06,-2.29E-07
1018.328363,6.33E-06,2.68E-07
1019.680042,6.27E-06,-3.19E-07
1021.04279,6.38E-06,-1.30E-08
1022.385169,6.33E-06,5.10E-08
1023.748721,6.24E-06,-8.90E-08
1025.109733,6.30E-06,-3.70E-07
1026.468565,6.25E-06,-3.06E-07
1027.812671,6.18E-06,-1.91E-07
1029.169737,6.32E-06,-3.31E-07
1030.532273,6.21E-06,1.91E-07
1031.889055,6.25E-06,3.31E-07
1033.23431,6.27E-06,-1.40E-07
1034.589667,6.29E-06,-2.50E-08
1035.952937,6.28E-06,2.04E-07
1037.309315,6.16E-06,-1.40E-07
1038.659176,6.20E-06,-6.40E-08
1040.019737,6.19E-06,-2.80E-07
1041.378582,6.19E-06,6.40E-08
1042.731828,6.32E-06,-1.02E-07
1044.084296,6.17E-06,-2.68E-07
1045.449822,6.27E-06,1.30E-08
1046.80925,6.17E-06,1.30E-08
1048.160703,6.15E-06,-2.55E-07
1049.511256,6.13E-06,3.80E-08
1050.876655,6.23E-06,-1.78E-07
1052.240013,6.12E-06,1.91E-07
1053.609748,6.12E-06,6.40E-08
1054.961737,6.15E-06,-5.10E-08
1056.31898,6.13E-06,-1.15E-07
1057.662838,6.14E-06,-3.95E-07
1059.041366,6.04E-06,-3.57E-07
1060.408483,6.09E-06,-2.29E-07
1061.759586,6.16E-06,-2.17E-07
1063.098943,6.13E-06,-2.29E-07
1064.469825,6.10E-06,-1.30E-08
1065.832165,6.10E-06,2.29E-07
1067.179903,6.16E-06,-2.55E-07
1068.528332,6.04E-06,-2.29E-07
1069.892012,6.10E-06,-3.95E-07
1071.252961,6.10E-06,-5.10E-08
1072.612675,6.07E-06,2.29E-07
1073.954239,5.97E-06,-1.27E-07
1075.326412,5.96E-06,0
1076.689422,5.97E-06,-5.10E-08
1078.048317,5.94E-06,5.23E-07
1079.389268,6.00E-06,-6.40E-08
1080.754558,5.99E-06,-1.40E-07
1082.120678,5.96E-06,-2.04E-07
1083.468379,6.02E-06,2.55E-07
1084.829382,5.94E-06,4.33E-07
1086.174046,5.93E-06,-1.15E-07
1087.543935,5.97E-06,-3.95E-07
1088.905363,6.00E-06,-6.40E-08
1090.259378,5.96E-06,2.68E-07
1091.614375,5.93E-06,-2.17E-07
1092.968499,5.90E-06,-6.40E-08
1094.339244,5.92E-06,2.42E-07
1095.679595,5.85E-06,6.40E-08
1097.041718,5.87E-06,0
1098.406508,5.91E-06,-1.53E-07
1099.759635,5.89E-06,-1.66E-07
1101.11878,5.91E-06,7.60E-08
1102.479789,5.87E-06,-3.82E-07
1103.839118,5.85E-06,-3.06E-07
1105.189792,5.90E-06,-4.33E-07
1106.553829,5.86E-06,-3.95E-07
1107.899383,5.86E-06,-3.57E-07
1109.259666,5.80E-06,-1.02E-07
1110.625523,5.83E-06,1.30E-08
1111.979862,5.84E-06,-6.40E-08
1113.31896,5.86E-06,-2.50E-08
1114.690287,5.81E-06,5.10E-08
1116.060784,5.80E-06,0
1117.418727,5.77E-06,0
1118.771125,5.81E-06,1.27E-07
1120.120193,5.83E-06,-3.95E-07
1121.482107,5.79E-06,-1.15E-07
1122.844432,5.79E-06,-2.17E-07
1124.201497,5.76E-06,2.50E-08
1125.552156,5.76E-06,-1.15E-07
1126.910847,5.76E-06,3.06E-07
1128.276055,5.78E-06,2.04E-07
1129.627975,5.66E-06,1.78E-07
1130.981616,5.73E-06,7.60E-08
1132.334059,5.76E-06,-8.03E-07
1133.698987,5.70E-06,6.40E-08
1135.060093,5.75E-06,-2.29E-07
1136.399323,5.66E-06,2.50E-08
1137.763743,5.64E-06,-1.27E-07
1139.121856,5.70E-06,1.27E-07
1140.480096,5.79E-06,1.27E-07
1141.826683,5.67E-06,3.95E-07
1143.185442,5.59E-06,1.40E-07
1144.552247,5.67E-06,0
1145.910558,5.67E-06,1.40E-07
1147.250491,5.67E-06,-4.97E-07
1148.616355,5.63E-06,-1.66E-07
1149.979998,5.62E-06,3.06E-07
1151.338925,5.60E-06,1.02E-07
1152.694825,5.57E-06,-2.29E-07
1154.048411,5.60E-06,-1.91E-07
1155.404681,5.62E-06,7.60E-08
1156.760555,5.64E-06,2.42E-07
1158.123469,5.53E-06,-1.27E-07
1159.469897,5.62E-06,8.90E-08
1160.830459,5.56E-06,-2.93E-07
1162.191375,5.56E-06,6.40E-08
1163.550839,5.60E-06,-2.93E-07
1164.900814,5.53E-06,2.80E-07
1166.261636,5.62E-06,-3.80E-08
1167.624887,5.60E-06,-6.40E-08
1168.988687,5.46E-06,-1.53E-07
1170.340006,5.52E-06,0
1171.687153,5.54E-06,-5.10E-08
1173.055126,5.50E-06,-3.80E-08
1174.419114,5.54E-06,6.40E-08
1175.77101,5.48E-06,-1.53E-07
1177.1208,5.48E-06,-2.29E-07
1178.478986,5.47E-06,1.27E-07
1179.845458,5.50E-06,-1.30E-08
1181.209131,5.43E-06,0
1182.559093,5.50E-06,2.50E-08
1183.912276,5.52E-06,-1.53E-07
1185.28015,5.49E-06,-2.50E-08
1186.629346,5.46E-06,1.91E-07
1187.978741,5.42E-06,-2.80E-07
1189.335421,5.41E-06,-1.15E-07
1190.706011,5.38E-06,3.70E-07
1192.060077,5.41E-06,6.40E-08
1193.400749,5.39E-06,-4.46E-07
1194.766847,5.33E-06,-5.10E-08
1196.131077,5.39E-06,-8.90E-08
1197.486253,5.39E-06,5.23E-07
1198.829266,5.31E-06,-4.08E-07
1200.186599,5.33E-06,1.27E-07
1201.560051,5.36E-06,-2.29E-07
1202.91169,5.31E-06,-2.29E-07
1204.270659,5.27E-06,-1.15E-07
1205.63094,5.31E-06,-1.30E-08
1206.994128,5.30E-06,-1.53E-07
1208.360207,5.33E-06,-1.66E-07
1209.710588,5.36E-06,-2.68E-07
1211.070077,5.30E-06,-2.68E-07
1212.432106,5.32E-06,-7.60E-08
1213.781135,5.30E-06,1.15E-07
1215.133677,5.33E-06,1.02E-07
1216.492381,5.29E-06,-3.82E-07
1217.860567,5.33E-06,-1.02E-07
1219.213703,5.27E-06,-1.15E-07
1220.570025,5.25E-06,3.80E-08
1221.926184,5.22E-06,-7.60E-08
1223.289232,5.24E-06,-1.30E-08
1224.641334,5.25E-06,-1.15E-07
1226.004006,5.28E-06,1.30E-08
1227.355898,5.25E-06,-2.93E-07
1228.723129,5.23E-06,1.30E-08
1230.079542,5.23E-06,-5.10E-08
1231.430593,5.27E-06,-7.60E-08
1232.789443,5.16E-06,2.50E-08
1234.170628,5.17E-06,0
1235.52966,5.18E-06,-2.80E-07
1236.896418,5.17E-06,8.90E-08
1238.239937,5.18E-06,1.66E-07
1239.615789,5.16E-06,-2.04E-07
1240.985742,5.19E-06,-1.15E-07
1242.350582,5.18E-06,2.55E-07
1243.702929,5.17E-06,-4.21E-07
1245.05994,5.11E-06,-1.53E-07
1246.411376,5.15E-06,-1.02E-07
1247.775739,5.15E-06,5.10E-08
1249.145476,5.11E-06,-4.97E-07
1250.499635,5.16E-06,6.40E-08
1251.850752,5.02E-06,7.60E-08
1253.20091,5.09E-06,-1.02E-07
1254.561191,5.13E-06,1.15E-07
1255.920428,5.11E-06,-1.27E-07
1257.271509,5.12E-06,7.60E-08
1258.626847,5.10E-06,3.06E-07
1260.000809,5.10E-06,-1.30E-08
1261.351703,5.10E-06,6.40E-08
1262.711931,5.05E-06,-1.27E-07
1264.058274,5.03E-06,-1.40E-07
1265.410611,4.95E-06,-5.74E-07
1266.777261,5.00E-06,-1.02E-07
1268.130771,4.98E-06,-1.66E-07
1269.490245,4.99E-06,-2.42E-07
1270.842621,5.10E-06,6.40E-08
1272.205726,4.97E-06,6.40E-08
1273.561014,4.97E-06,-1.78E-07
1274.920153,4.98E-06,1.27E-07
1276.268624,5.03E-06,7.60E-08
1277.631946,5.03E-06,-5.74E-07
1278.999199,5.04E-06,-3.70E-07
1280.351157,4.91E-06,8.90E-08
1281.707756,5.00E-06,1.40E-07
1283.060688,4.97E-06,-3.80E-08
1284.425973,4.95E-06,1.15E-07
1285.78975,4.94E-06,-1.27E-07
1287.145162,4.98E-06,-1.27E-07
1288.501202,4.93E-06,-7.60E-08
1289.846769,4.98E-06,-5.10E-08
1291.215363,4.94E-06,1.66E-07
1292.5804,4.94E-06,1.53E-07
1293.934553,4.88E-06,6.40E-08
1295.29197,4.84E-06,2.50E-08
1296.654346,4.86E-06,-3.06E-07
1298.010413,4.87E-06,2.04E-07
1299.375093,4.83E-06,-2.42E-07
1300.732669,4.90E-06,-4.08E-07
1302.088488,4.82E-06,-2.55E-07
1303.437006,4.88E-06,1.40E-07
1304.805807,4.83E-06,-1.02E-07
1306.162848,4.83E-06,-5.10E-08
1307.513027,4.78E-06,1.02E-07
1308.865188,4.87E-06,-2.17E-07
1310.235149,4.86E-06,-1.66E-07
1311.587119,4.80E-06,4.46E-07
1312.942871,4.88E-06,-1.02E-07
1314.290421,4.80E-06,0
1315.660859,4.82E-06,3.19E-07
1317.03245,4.75E-06,3.95E-07
1318.391826,4.81E-06,-2.68E-07
1319.73491,4.81E-06,-2.55E-07
1321.100441,4.78E-06,7.60E-08
1322.460908,4.74E-06,-2.50E-08
1323.828794,4.72E-06,6.40E-08
1325.182564,4.82E-06,-1.27E-07
1326.536052,4.82E-06,2.55E-07
1327.882682,4.70E-06,-3.80E-08
1329.245796,4.70E-06,-1.66E-07
1330.60513,4.77E-06,3.44E-07
1331.961506,4.74E-06,-4.21E-07
1333.321308,4.63E-06,-2.04E-07
1334.671555,4.72E-06,0
1336.044102,4.69E-06,-1.66E-07
1337.401461,4.71E-06,-2.42E-07
1338.757374,4.70E-06,5.10E-08
1340.101581,4.66E-06,-1.78E-07
1341.456901,4.63E-06,6.40E-08
1342.831252,4.66E-06,3.19E-07
1344.196519,4.67E-06,-2.80E-07
1345.551692,4.63E-06,-1.91E-07
1346.89598,4.62E-06,1.02E-07
1348.259126,4.63E-06,1.66E-07
1349.627902,4.64E-06,2.68E-07
1350.977469,4.64E-06,-7.60E-08
1352.341809,4.71E-06,-2.04E-07
1353.701902,4.61E-06,-2.17E-07
1355.068894,4.70E-06,-1.40E-07
1356.426514,4.71E-06,-2.04E-07
1357.781282,4.60E-06,-1.02E-07
1359.125986,4.59E-06,-1.40E-07
1360.490963,4.62E-06,-8.90E-08
1361.856544,4.61E-06,3.31E-07
1363.221415,4.66E-06,-3.95E-07
1364.571723,4.59E-06,-1.40E-07
1365.917299,4.55E-06,-1.78E-07
1367.291373,4.61E-06,-2.50E-08
1368.658133,4.57E-06,-1.27E-07
1370.026545,4.62E-06,1.91E-07
1371.376489,4.51E-06,-7.39E-07
1372.734251,4.54E-06,-4.46E-07
1374.096393,4.50E-06,3.82E-07
1375.461708,4.58E-06,-1.78E-07
1376.812892,4.54E-06,-2.42E-07
1378.162836,4.51E-06,1.02E-07
1379.520692,4.53E-06,3.80E-08
1380.881519,4.53E-06,-2.04E-07
1382.240923,4.47E-06,1.66E-07
1383.581327,4.48E-06,-1.53E-07
1384.941945,4.56E-06,-1.78E-07
1386.301103,4.52E-06,3.80E-08
1387.661054,4.49E-06,-6.50E-07
1389.046571,4.51E-06,-2.42E-07
1390.395987,4.46E-06,2.50E-08
1391.751477,4.48E-06,-2.93E-07
1393.108969,4.46E-06,1.40E-07
1394.471488,4.37E-06,-7.60E-08
1395.82172,4.41E-06,-1.27E-07
1397.177639,4.44E-06,-1.91E-07
1398.531142,4.39E-06,1.30E-08
1399.901644,4.46E-06,-2.50E-08
1401.256931,4.44E-06,-1.53E-07
1402.61813,4.41E-06,-1.30E-08
1403.962643,4.40E-06,1.15E-07
1405.32504,4.44E-06,-8.90E-08
1406.687922,4.46E-06,1.30E-08
1408.049618,4.40E-06,-3.44E-07
1409.390865,4.47E-06,3.19E-07
1410.752034,4.38E-06,-3.06E-07
1412.112674,4.35E-06,-3.31E-07
1413.468069,4.41E-06,-2.50E-08
1414.822725,4.34E-06,1.02E-07
1416.177078,4.35E-06,1.91E-07
1417.541439,4.33E-06,4.84E-07
1418.905531,4.31E-06,2.29E-07
1420.261246,4.37E-06,-5.10E-07
1421.611757,4.34E-06,-2.55E-07
1422.972286,4.34E-06,7.60E-08
1424.332468,4.31E-06,-3.19E-07
1425.685946,4.31E-06,3.80E-08
1427.038144,4.25E-06,-2.17E-07
1428.396913,4.29E-06,-2.17E-07
1429.762216,4.34E-06,3.80E-08
1431.119544,4.33E-06,-1.66E-07
1432.472859,4.35E-06,1.30E-08
1433.821322,4.17E-06,-3.80E-08
1435.183328,4.25E-06,-2.50E-08
1436.551069,4.22E-06,-7.60E-08
1437.924548,4.30E-06,7.60E-08
1439.271716,4.29E-06,-1.30E-08
1440.616199,4.27E-06,6.40E-08
1441.976356,4.26E-06,-1.78E-07
1443.338436,4.29E-06,-3.80E-08
1444.692361,4.22E-06,2.42E-07
1446.048392,4.20E-06,2.50E-08
1447.401433,4.19E-06,-1.27E-07
1448.77214,4.24E-06,2.42E-07
1450.121806,4.22E-06,-2.93E-07
1451.482207,4.16E-06,-1.78E-07
1452.831974,4.12E-06,-2.80E-07
1454.192778,4.25E-06,2.55E-07
1455.551822,4.19E-06,1.91E-07
1456.907165,4.22E-06,-2.42E-07
1458.25152,4.20E-06,2.50E-08
1459.611748,4.20E-06,-4.21E-07
1460.978867,4.16E-06,-6.40E-08
1462.333754,4.16E-06,8.90E-08
1463.682004,4.12E-06,-2.80E-07
1465.047075,4.15E-06,-5.23E-07
1466.402009,4.12E-06,0
1467.757668,4.19E-06,3.70E-07
1469.116493,4.11E-06,-1.15E-07
1470.477802,4.05E-06,-1.66E-07
1471.832147,4.18E-06,1.27E-07
1473.179144,4.07E-06,2.17E-07
1474.54452,4.16E-06,7.60E-08
1475.913429,4.12E-06,-2.80E-07
1477.281339,4.16E-06,-7.60E-08
1478.633441,4.08E-06,6.40E-08
1479.989894,4.11E-06,-4.84E-07
1481.352786,4.13E-06,1.27E-07
1482.711901,4.09E-06,6.40E-08
1484.073984,4.04E-06,-1.78E-07
1485.427819,4.06E-06,7.60E-08
1486.775586,4.16E-06,-5.23E-07
1488.137482,4.09E-06,-2.04E-07
1489.49193,4.06E-06,-2.17E-07
1490.843388,4.02E-06,5.10E-08
1492.204197,3.99E-06,-3.80E-08
1493.571867,3.98E-06,-5.10E-08
1494.922255,4.06E-06,-3.82E-07
1496.282532,4.03E-06,0
1497.631405,4.04E-06,-1.53E-07
1498.982246,4.03E-06,-1.91E-07
1500.351509,4.00E-06,-1.02E-07
1501.702375,3.99E-06,-1.27E-07
1503.056627,3.96E-06,-6.40E-08
1504.412314,4.03E-06,-3.70E-07
1505.773247,4.02E-06,-3.44E-07
1507.134152,3.96E-06,-2.55E-07
1508.492986,3.95E-06,2.42E-07
1509.838535,3.95E-06,-3.80E-08
1511.202825,4.00E-06,-2.04E-07
1512.563635,3.99E-06,-2.50E-08
1513.925141,3.94E-06,-1.91E-07
1515.267456,3.94E-06,-4.33E-07
1516.622149,4.01E-06,-3.80E-08
1517.995554,3.97E-06,-1.30E-08
1519.352257,3.89E-06,1.15E-07
1520.703728,3.92E-06,1.40E-07
1522.056471,3.93E-06,-2.17E-07
1523.411768,3.92E-06,2.55E-07
1524.790505,3.87E-06,-8.90E-08
1526.15493,3.86E-06,-1.27E-07
1527.507758,3.89E-06,-1.53E-07
1528.863443,3.89E-06,2.55E-07
1530.22308,3.86E-06,-2.80E-07
1531.591978,3.95E-06,2.42E-07
1532.96291,3.87E-06,3.80E-08
1534.314077,3.83E-06,3.06E-07
1535.665159,3.86E-06,7.60E-08
1537.024241,3.85E-06,-2.55E-07
1538.387907,3.85E-06,0
1539.740063,3.88E-06,-5.61E-07
1541.099667,3.89E-06,-1.53E-07
1542.452064,3.83E-06,0
1543.806117,3.83E-06,1.30E-08
1545.179115,3.82E-06,0
1546.541745,3.80E-06,2.42E-07
1547.904565,3.86E-06,-2.50E-08
1549.262614,3.80E-06,-5.10E-08
1550.60824,3.77E-06,-3.57E-07
1551.972769,3.79E-06,3.80E-08
1553.335068,3.77E-06,1.27E-07
1554.688189,3.77E-06,-3.44E-07
1556.052523,3.84E-06,-7.60E-08
1557.408279,3.77E-06,-2.42E-07
1558.772803,3.76E-06,-1.40E-07
1560.128394,3.73E-06,1.53E-07
1561.482661,3.81E-06,-3.82E-07
1562.840134,3.74E-06,2.50E-08
1564.193285,3.76E-06,-1.78E-07
1565.556362,3.79E-06,1.30E-08
1566.910929,3.79E-06,2.80E-07
1568.262274,3.72E-06,8.90E-08
1569.612058,3.73E-06,7.60E-08
1570.983979,3.72E-06,7.60E-08
1572.337304,3.77E-06,-1.02E-07
1573.676886,3.72E-06,-1.91E-07
1575.049172,3.71E-06,3.80E-08
1576.412157,3.75E-06,8.90E-08
1577.773025,3.65E-06,1.30E-08
1579.133503,3.66E-06,-5.10E-08
1580.483942,3.78E-06,-5.10E-08
1581.912433,3.70E-06,-1.02E-07
1583.262628,3.76E-06,-6.40E-08
1584.616136,3.60E-06,6.40E-08
1585.965682,3.69E-06,-8.90E-08
1587.332314,3.70E-06,1.40E-07
1588.681961,3.66E-06,1.78E-07
1590.058372,3.71E-06,1.27E-07
1591.402393,3.69E-06,-1.53E-07
1592.769131,3.68E-06,2.42E-07
1594.13436,3.65E-06,-1.27E-07
1595.490517,3.66E-06,-1.78E-07
1596.848047,3.63E-06,-2.04E-07
1598.212419,3.68E-06,-1.27E-07
1599.579865,3.65E-06,2.50E-08
1600.944778,3.66E-06,-1.30E-08
1602.296352,3.60E-06,-1.66E-07
1603.647553,3.61E-06,-1.66E-07
1605.009752,3.59E-06,-1.78E-07
1606.365896,3.62E-06,-5.10E-08
1607.731294,3.63E-06,1.91E-07
1609.089148,3.52E-06,-1.78E-07
1610.428861,3.66E-06,5.10E-08
1611.791702,3.60E-06,-2.04E-07
1613.163795,3.63E-06,-1.40E-07
1614.516637,3.53E-06,1.78E-07
1615.862894,3.54E-06,-2.04E-07
1617.238486,3.55E-06,2.50E-08
1618.603538,3.59E-06,-1.15E-07
1619.957011,3.54E-06,2.55E-07
1621.311282,3.55E-06,5.10E-08
1622.675268,3.55E-06,-2.29E-07
1624.040143,3.59E-06,-2.68E-07
1625.422894,3.55E-06,1.02E-07
1626.787531,3.52E-06,7.60E-08
1628.134468,3.57E-06,-1.66E-07
1629.480087,3.62E-06,-3.80E-08
1630.839902,3.56E-06,-3.80E-08
1632.210422,3.58E-06,1.02E-07
1633.56237,3.52E-06,-1.27E-07
1634.919867,3.46E-06,2.29E-07
1636.269402,3.55E-06,-1.30E-08
1637.633512,3.53E-06,-2.68E-07
1638.997876,3.52E-06,-1.02E-07
1640.342485,3.51E-06,3.80E-08
1641.696575,3.42E-06,-3.70E-07
1643.070967,3.47E-06,3.57E-07
1644.431114,3.51E-06,1.40E-07
1645.78125,3.54E-06,-2.29E-07
1647.139712,3.49E-06,1.27E-07
1648.503469,3.40E-06,-3.70E-07
1649.859041,3.48E-06,3.31E-07
1651.22329,3.44E-06,-3.57E-07
1652.593739,3.43E-06,1.40E-07
1653.937182,3.42E-06,8.90E-08
1655.290624,3.42E-06,2.50E-08
1656.660598,3.43E-06,1.78E-07
1658.013639,3.42E-06,2.50E-08
1659.362434,3.45E-06,-2.68E-07
1660.722785,3.41E-06,1.53E-07
1662.090966,3.39E-06,-7.60E-08
1663.443045,3.34E-06,-5.10E-08
1664.803591,3.47E-06,4.08E-07
1666.154373,3.39E-06,3.80E-08
1667.553411,3.36E-06,-1.53E-07
1668.914778,3.43E-06,-2.50E-08
1670.272478,3.38E-06,-1.02E-07
1671.632442,3.33E-06,-1.40E-07
1672.973203,3.42E-06,0
1674.340281,3.37E-06,2.50E-08
1675.70345,3.37E-06,-2.50E-08
1677.059453,3.35E-06,-1.15E-07
1678.413967,3.42E-06,-1.53E-07
1679.762833,3.33E-06,-7.60E-08
1681.123715,3.30E-06,6.40E-08
1682.484818,3.33E-06,-5.10E-08
1683.83953,3.35E-06,-8.90E-08
1685.193802,3.36E-06,-1.02E-07
1686.542971,3.32E-06,-1.02E-07
1687.902994,3.34E-06,-1.27E-07
1689.263924,3.23E-06,3.44E-07
1690.621578,3.30E-06,-1.66E-07
1691.973527,3.28E-06,-2.42E-07
1693.330063,3.34E-06,-1.02E-07
1694.702908,3.33E-06,1.30E-08
1696.077679,3.31E-06,-3.06E-07
1697.441082,3.36E-06,2.50E-08
1698.795972,3.30E-06,-1.27E-07
1700.145312,3.26E-06,1.27E-07
1701.502963,3.36E-06,-1.66E-07
1702.862922,3.24E-06,-1.91E-07
1704.221703,3.36E-06,2.04E-07
1705.563914,3.39E-06,-1.30E-08
1706.924357,3.30E-06,-6.40E-08
1708.284274,3.22E-06,-1.40E-07
1709.644968,3.25E-06,3.06E-07
1710.98302,3.28E-06,-1.53E-07
1712.343189,3.27E-06,3.82E-07
1713.709685,3.26E-06,-1.53E-07
1715.067561,3.29E-06,-1.53E-07
1716.413384,3.25E-06,-1.53E-07
1717.763294,3.18E-06,-1.02E-07
1719.130236,3.23E-06,-1.15E-07
1720.484718,3.28E-06,-3.80E-08
1721.833233,3.23E-06,-2.29E-07
1723.195071,3.22E-06,-1.53E-07
1724.555306,3.21E-06,-3.06E-07
1725.907967,3.29E-06,0
1727.274034,3.28E-06,2.80E-07
1728.614349,3.26E-06,-1.27E-07
1729.973477,3.14E-06,-3.19E-07
1731.343078,3.23E-06,0
1732.694001,3.22E-06,1.30E-08
1734.049098,3.18E-06,-2.93E-07
1735.403426,3.21E-06,8.90E-08
1736.768076,3.21E-06,-1.30E-08
1738.114327,3.15E-06,-7.60E-08
1739.493453,3.17E-06,7.60E-08
1740.833138,3.24E-06,-2.17E-07
1742.194113,3.17E-06,5.10E-08
1743.564439,3.18E-06,-2.29E-07
1744.917818,3.21E-06,-1.02E-07
1746.263108,3.17E-06,-1.02E-07
1747.618549,3.14E-06,-5.10E-08
1748.983449,3.21E-06,-1.53E-07
1750.33387,3.10E-06,2.50E-08
1751.693049,3.09E-06,-2.68E-07
1753.049429,3.08E-06,1.91E-07
1754.418583,3.12E-06,-1.02E-07
1755.784108,3.14E-06,-1.78E-07
1757.135019,3.15E-06,3.57E-07
1758.493042,3.03E-06,-1.53E-07
1759.844999,3.17E-06,-2.04E-07
1761.209978,3.07E-06,3.80E-08
1762.563145,3.13E-06,-2.17E-07
1763.908264,3.09E-06,-2.04E-07
1765.273698,3.11E-06,2.42E-07
1766.643049,3.04E-06,-2.04E-07
1768.005629,3.05E-06,3.70E-07
1769.353734,3.05E-06,-2.93E-07
1770.713862,3.09E-06,1.15E-07
1772.07827,3.07E-06,-1.78E-07
1773.423591,3.05E-06,2.55E-07
1774.78355,3.01E-06,-3.31E-07
1776.15071,3.01E-06,-1.30E-08
1777.513563,3.03E-06,-1.27E-07
1778.873273,2.95E-06,1.30E-08
1780.233334,3.06E-06,1.66E-07
1781.575041,3.00E-06,-1.15E-07
1782.938546,3.07E-06,-3.44E-07
1784.304772,3.03E-06,-1.53E-07
1785.663965,3.03E-06,-5.10E-08
1787.029078,2.99E-06,-3.31E-07
1788.373412,3.02E-06,0
1789.734242,3.00E-06,0
1791.101493,2.98E-06,-7.60E-08
1792.453362,3.03E-06,1.30E-08
1793.804493,3.01E-06,-2.42E-07
1795.164837,2.91E-06,3.80E-08
1796.533832,2.98E-06,-2.42E-07
1797.883851,2.97E-06,3.80E-08
1799.24331,2.99E-06,-1.53E-07
1800.597917,3.01E-06,-7.60E-08
1801.954012,3.02E-06,-2.04E-07
1803.318197,2.97E-06,-3.44E-07
1804.674056,2.98E-06,1.78E-07
1806.040842,2.92E-06,0
1807.395389,2.99E-06,-2.04E-07
1808.754622,2.98E-06,-3.57E-07
1810.11465,2.98E-06,1.15E-07
1811.464257,2.93E-06,-1.15E-07
1812.814204,2.99E-06,-6.40E-08
1814.174964,2.90E-06,2.55E-07
1815.544608,2.82E-06,-2.80E-07
1816.895595,2.92E-06,-7.60E-08
1818.254362,2.90E-06,5.10E-08
1819.612616,2.87E-06,1.66E-07
1820.972914,2.82E-06,1.30E-08
1822.333684,2.91E-06,-5.61E-07
1823.693288,2.86E-06,-1.66E-07
1825.040223,2.88E-06,-1.78E-07
1826.413547,2.83E-06,1.66E-07
1827.775254,2.88E-06,-1.15E-07
1829.135058,2.89E-06,-2.04E-07
1830.491026,2.83E-06,2.68E-07
1831.850821,2.85E-06,-1.02E-07
1833.205552,2.86E-06,-7.60E-08
1834.567503,2.89E-06,-8.90E-08
1835.93128,2.84E-06,-6.40E-08
1837.285543,2.84E-06,-5.10E-08
1838.634221,2.84E-06,-1.91E-07
1839.99849,2.82E-06,1.40E-07
1841.361337,2.84E-06,-4.33E-07
1842.715118,2.88E-06,1.02E-07
1844.070317,2.98E-06,-4.97E-07
1845.424319,2.81E-06,1.27E-07
1846.793875,2.79E-06,2.50E-08
1848.157921,2.77E-06,-3.06E-07
1849.515334,2.78E-06,3.06E-07
1850.863251,2.76E-06,-2.68E-07
1852.223763,2.81E-06,1.15E-07
1853.588251,2.84E-06,-2.29E-07
1854.946124,2.74E-06,2.50E-08
1856.295736,2.83E-06,1.15E-07
1857.659041,2.90E-06,1.30E-08
1859.031454,2.86E-06,2.50E-08
1860.393936,2.79E-06,1.40E-07
1861.74555,2.77E-06,1.30E-08
1863.09551,2.79E-06,5.10E-08
1864.454012,2.83E-06,-1.02E-07
1865.814699,2.81E-06,-2.55E-07
1867.176562,2.78E-06,1.30E-08
1868.527423,2.75E-06,5.10E-08
1869.882079,2.76E-06,-1.27E-07
1871.245452,2.70E-06,-5.10E-08
1872.606339,2.77E-06,-2.29E-07
1873.96274,2.73E-06,-3.31E-07
1875.313973,2.70E-06,2.29E-07
1876.664652,2.76E-06,-2.68E-07
1878.038423,2.78E-06,7.60E-08
1879.38429,2.78E-06,1.02E-07
1880.734912,2.74E-06,7.60E-08
1882.096809,2.76E-06,-3.80E-08
1883.460189,2.72E-06,3.80E-08
1884.810502,2.65E-06,3.31E-07
1886.167485,2.72E-06,-2.80E-07
1887.524151,2.72E-06,-2.50E-08
1888.89217,2.70E-06,-1.27E-07
1890.255393,2.78E-06,-1.15E-07
1891.602457,2.69E-06,-1.78E-07
1892.953331,2.66E-06,0
1894.314252,2.65E-06,-3.19E-07
1895.681066,2.71E-06,-1.02E-07
1897.037149,2.69E-06,-6.40E-08
1898.374739,2.67E-06,-5.35E-07
1899.744548,2.65E-06,-3.44E-07
1901.108164,2.67E-06,-2.50E-08
1902.464652,2.70E-06,-1.30E-08
1903.818454,2.67E-06,-7.60E-08
1905.166276,2.57E-06,-3.06E-07
1906.524466,2.59E-06,-2.29E-07
1907.882221,2.67E-06,-1.30E-08
1909.245053,2.65E-06,8.90E-08
1910.595968,2.61E-06,-2.80E-07
1911.954786,2.66E-06,-1.53E-07
1913.31721,2.60E-06,2.04E-07
1914.677581,2.69E-06,1.15E-07
1916.042729,2.61E-06,2.55E-07
1917.384778,2.59E-06,1.66E-07
1918.744638,2.60E-06,-1.27E-07
1920.112166,2.57E-06,1.91E-07
1921.465878,2.61E-06,-2.04E-07
1922.825337,2.61E-06,1.30E-08
1924.176807,2.67E-06,-1.66E-07
1925.536778,2.56E-06,-8.90E-08
1926.908114,2.58E-06,-2.04E-07
1928.255203,2.60E-06,5.10E-08
1929.608536,2.61E-06,2.50E-08
1930.976369,2.61E-06,-3.57E-07
1932.345777,2.58E-06,-1.02E-07
1933.695142,2.59E-06,1.02E-07
1935.04683,2.55E-06,1.30E-08
1936.400639,2.58E-06,-1.53E-07
1937.771988,2.52E-06,-3.57E-07
1939.125664,2.52E-06,-4.84E-07
1940.485487,2.60E-06,-1.27E-07
1941.829717,2.59E-06,-2.50E-08
1943.187555,2.56E-06,-2.17E-07
1944.555146,2.57E-06,-7.27E-07
1945.909132,2.55E-06,-1.66E-07
1947.265679,2.52E-06,1.91E-07
1948.608243,2.48E-06,-3.80E-08
1949.982258,2.52E-06,-3.80E-08
1951.347026,2.54E-06,1.30E-08
1952.705199,2.57E-06,2.50E-08
1954.060601,2.55E-06,0
1955.420042,2.48E-06,-1.27E-07
1956.776111,2.47E-06,-2.29E-07
1958.127469,2.50E-06,-1.53E-07
1959.474935,2.44E-06,-1.40E-07
1960.836982,2.50E-06,-1.02E-07
1962.197225,2.56E-06,-3.80E-08
1963.555162,2.47E-06,-4.72E-07
1964.908699,2.53E-06,-1.15E-07
1966.266336,2.56E-06,-2.29E-07
1967.621959,2.48E-06,-8.90E-08
1968.976146,2.45E-06,3.06E-07
1970.325758,2.41E-06,-1.53E-07
1971.689298,2.46E-06,3.80E-08
1973.061236,2.50E-06,-1.66E-07
1974.407067,2.45E-06,-1.27E-07
1975.765953,2.43E-06,-2.29E-07
1977.125623,2.42E-06,3.80E-08
1978.479178,2.48E-06,-2.29E-07
1979.840093,2.47E-06,-1.66E-07
1981.197403,2.46E-06,-3.82E-07
1982.54687,2.42E-06,-1.91E-07
1983.915107,2.43E-06,1.66E-07
1985.265488,2.43E-06,7.60E-08
1986.615359,2.43E-06,-1.30E-08
1987.972868,2.49E-06,1.15E-07
1989.337262,2.40E-06,1.27E-07
1990.695501,2.43E-06,-1.53E-07
1992.044765,2.49E-06,3.82E-07
1993.407239,2.39E-06,1.15E-07
1994.769593,2.37E-06,-1.66E-07
1996.128356,2.31E-06,1.78E-07
1997.487417,2.37E-06,-2.29E-07
1998.836615,2.42E-06,-1.40E-07
2000.201836,2.40E-06,2.50E-08
2001.555865,2.41E-06,-5.10E-08
2002.914819,2.34E-06,-1.78E-07
2004.271463,2.43E-06,7.60E-08
2005.628906,2.28E-06,-1.66E-07
2006.984677,2.34E-06,-2.29E-07
2008.335518,2.39E-06,-2.04E-07
2009.696126,2.31E-06,3.57E-07
2011.068501,2.34E-06,-5.10E-08
2012.429741,2.33E-06,1.15E-07
2013.776845,2.38E-06,-1.30E-08
2015.127388,2.29E-06,1.27E-07
2016.485405,2.39E-06,-2.29E-07
2017.865845,2.31E-06,2.68E-07
2019.225621,2.29E-06,1.91E-07
2020.579808,2.31E-06,-7.60E-08
2021.946454,2.36E-06,-2.55E-07
2023.302547,2.40E-06,1.15E-07
2024.657912,2.30E-06,6.40E-08
2026.0198,2.32E-06,-3.70E-07
2027.366595,2.31E-06,-2.17E-07
2028.729286,2.37E-06,1.27E-07
2030.078538,2.25E-06,-1.66E-07
2031.436277,2.31E-06,-1.66E-07
2032.804137,2.35E-06,-3.70E-07
2034.157767,2.32E-06,-3.31E-07
2035.517775,2.31E-06,6.40E-08
2036.874336,2.32E-06,1.02E-07
2038.247488,2.33E-06,-6.50E-07
2039.606721,2.35E-06,-2.55E-07
2040.956519,2.28E-06,-7.60E-08
2042.306508,2.24E-06,1.30E-08
2043.66844,2.27E-06,2.17E-07
2045.040653,2.26E-06,-3.80E-08
2046.390418,2.32E-06,-8.90E-08
2047.753161,2.27E-06,-1.91E-07
2049.113472,2.33E-06,-2.17E-07
2050.477768,2.29E-06,-3.95E-07
2051.824752,2.24E-06,1.30E-08
2053.187678,2.18E-06,3.70E-07
2054.57808,2.30E-06,5.10E-08
2055.939742,2.29E-06,-3.57E-07
2057.287833,2.29E-06,-1.30E-08
2058.639188,2.18E-06,-1.40E-07
2060.009043,2.30E-06,-2.04E-07
2061.366503,2.22E-06,2.80E-07
2062.720279,2.26E-06,-2.50E-08
2064.074443,2.18E-06,-3.80E-08
2065.441762,2.17E-06,-2.80E-07
2066.796954,2.21E-06,5.10E-08
2068.148343,2.15E-06,1.30E-08
2069.508499,2.10E-06,3.44E-07
2070.858497,2.25E-06,1.66E-07
2072.228559,2.23E-06,1.30E-08
2073.581192,2.21E-06,-6.40E-08
2074.937385,2.21E-06,-2.29E-07
2076.297099,2.19E-06,8.90E-08
2077.657051,2.15E-06,-3.06E-07
2079.023978,2.25E-06,-2.04E-07
2080.372235,2.17E-06,2.17E-07
2081.723004,2.17E-06,-1.40E-07
2083.092618,2.17E-06,2.17E-07
2084.438898,2.21E-06,-4.08E-07
2085.79189,2.19E-06,-8.90E-08
2087.148432,2.18E-06,-1.30E-08
2088.509687,2.08E-06,1.91E-07
2089.871907,2.12E-06,-2.17E-07
2091.221963,2.20E-06,3.80E-08
2092.590946,2.20E-06,1.27E-07
2093.951139,2.11E-06,-6.40E-08
2095.316964,2.15E-06,-1.40E-07
2096.676751,2.18E-06,1.66E-07
2098.028638,2.17E-06,7.60E-08
2099.388753,2.09E-06,-2.68E-07
2100.747782,2.09E-06,4.08E-07
2102.10757,2.15E-06,-1.66E-07
2103.447677,2.13E-06,-1.66E-07
2104.806033,2.13E-06,-3.70E-07
2106.178463,2.14E-06,3.80E-08
2107.533364,2.08E-06,2.50E-08
2108.881808,2.10E-06,-2.50E-08
2110.238087,2.10E-06,4.21E-07
2111.607296,2.11E-06,-4.59E-07
2112.968533,2.16E-06,-5.10E-08
2114.31952,2.18E-06,1.91E-07
2115.669148,2.11E-06,-1.15E-07
2117.03547,2.10E-06,-6.40E-08
2118.3985,2.15E-06,0
2119.747983,2.04E-06,0
2121.109897,2.08E-06,1.66E-07
2122.457676,2.07E-06,-5.10E-08
2123.819706,2.06E-06,1.30E-08
2125.178826,2.09E-06,-1.91E-07
2126.529157,2.02E-06,-2.68E-07
2127.881065,2.06E-06,-1.02E-07
2129.248869,2.13E-06,-7.60E-08
2130.597496,2.14E-06,-5.10E-08
2131.958997,2.08E-06,-2.93E-07
2133.317761,2.07E-06,-3.31E-07
2134.68762,2.08E-06,-2.68E-07
2136.042099,2.02E-06,-2.80E-07
2137.398255,2.04E-06,-2.42E-07
2138.755645,2.10E-06,3.80E-08
2140.119904,2.10E-06,5.10E-08
2141.469223,2.00E-06,3.80E-08
2142.818882,2.02E-06,-1.02E-07
2144.181046,2.03E-06,-2.04E-07
2145.537349,2.00E-06,2.50E-08
2146.891127,2.08E-06,2.04E-07
2148.23967,2.08E-06,-6.40E-08
2149.598502,2.09E-06,-1.53E-07
2150.969517,2.09E-06,3.80E-08
2152.324118,1.99E-06,8.90E-08
2153.680355,1.94E-06,2.50E-08
2155.03742,2.02E-06,-4.33E-07
2156.39916,1.96E-06,-3.82E-07
2157.751686,1.96E-06,1.27E-07
2159.096789,2.01E-06,-4.21E-07
2160.453669,1.97E-06,-2.50E-08
2161.824552,1.99E-06,-2.42E-07
2163.17968,2.01E-06,3.80E-08
2164.523943,2.08E-06,-2.93E-07
2165.880837,1.99E-06,-3.31E-07
2167.248104,2.02E-06,-1.53E-07
2168.608098,2.01E-06,2.93E-07
2169.952011,1.97E-06,-2.42E-07
2171.319251,2.02E-06,1.53E-07
2172.680917,1.97E-06,1.30E-08
2174.037088,1.97E-06,4.72E-07
2175.377579,1.98E-06,7.60E-08
2176.737751,1.97E-06,-1.78E-07
2178.108078,2.00E-06,-2.17E-07
2179.458929,1.98E-06,-2.55E-07
2180.809084,1.97E-06,-7.60E-08
2182.158582,1.98E-06,3.80E-08
2183.528694,1.96E-06,-1.30E-08
2184.896048,1.91E-06,-3.80E-08
2186.238724,1.98E-06,-2.93E-07
2187.600834,1.92E-06,0
2188.95846,1.89E-06,-1.40E-07
2190.317762,1.96E-06,-8.90E-08
2191.669651,1.95E-06,2.50E-08
2193.032098,1.94E-06,-4.84E-07
2194.392621,1.90E-06,1.78E-07
2195.748464,1.91E-06,1.53E-07
2197.098237,1.93E-06,2.17E-07
2198.45588,1.89E-06,3.80E-08
2199.816511,1.89E-06,2.50E-08
2201.164665,1.89E-06,-3.06E-07
2202.528982,1.93E-06,-4.97E-07
2203.884006,1.92E-06,-3.31E-07
2205.248919,1.91E-06,-6.40E-08
2206.608074,1.93E-06,-1.91E-07
2207.961891,1.95E-06,-5.10E-08
2209.309737,1.90E-06,1.15E-07
2210.671232,1.91E-06,-8.90E-08
2212.050085,1.85E-06,-2.04E-07
2213.397951,1.92E-06,-1.66E-07
2214.751863,1.87E-06,-1.15E-07
2216.113388,1.89E-06,-2.68E-07
2217.478172,1.91E-06,1.30E-08
2218.830057,1.87E-06,6.40E-08
2220.179399,1.89E-06,-5.10E-08
2221.538111,1.91E-06,2.29E-07
2222.901105,1.89E-06,-3.82E-07
2224.248874,1.88E-06,2.42E-07
2225.678475,1.81E-06,2.29E-07
2227.045212,1.91E-06,-2.93E-07
2228.39846,1.80E-06,-1.30E-08
2229.740438,1.89E-06,2.42E-07
2231.110502,1.94E-06,0
2232.468527,1.85E-06,1.40E-07
2233.830615,1.89E-06,-3.31E-07
2235.191645,1.85E-06,-8.90E-08
2236.538002,1.81E-06,1.40E-07
2237.895616,1.81E-06,7.60E-08
2239.267925,1.88E-06,1.30E-08
2240.621247,1.82E-06,1.53E-07
2241.960337,1.82E-06,2.42E-07
2243.31844,1.78E-06,1.27E-07
2244.691961,1.83E-06,-2.68E-07
2246.051262,1.84E-06,3.80E-08
2247.39862,1.90E-06,-1.66E-07
2248.770844,1.85E-06,2.04E-07
2250.1192,1.84E-06,0
2251.488898,1.85E-06,-1.02E-07
2252.842879,1.74E-06,2.42E-07
2254.199836,1.84E-06,-3.80E-08
2255.549002,1.83E-06,-8.90E-08
2256.931031,1.81E-06,-5.10E-08
2258.288468,1.79E-06,3.80E-08
2259.648839,1.80E-06,1.27E-07
2260.988542,1.72E-06,5.10E-08
2262.348798,1.73E-06,-2.04E-07
2263.729898,1.80E-06,1.40E-07
2265.094828,1.75E-06,-1.78E-07
2266.448584,1.84E-06,-8.90E-08
2267.797022,1.87E-06,-3.19E-07
2269.159518,1.72E-06,-3.57E-07
2270.528948,1.82E-06,-2.55E-07
2271.889834,1.75E-06,-4.46E-07
2273.238847,1.80E-06,-3.70E-07
2274.579565,1.77E-06,-1.40E-07
2275.947476,1.83E-06,-3.80E-08
2277.308806,1.80E-06,-4.59E-07
2278.670265,1.77E-06,-3.80E-08
2280.029159,1.82E-06,-2.29E-07
2281.388698,1.74E-06,1.30E-08
2282.745271,1.78E-06,-3.70E-07
2284.125329,1.74E-06,3.19E-07
2285.488791,1.78E-06,-6.40E-08
2286.839293,1.75E-06,3.80E-08
2288.184516,1.79E-06,-1.40E-07
2289.553057,1.75E-06,-2.50E-08
2290.916495,1.75E-06,-1.40E-07
2292.264066,1.79E-06,7.60E-08
2293.609116,1.78E-06,1.91E-07
2294.965277,1.70E-06,2.93E-07
2296.32833,1.73E-06,-3.82E-07
2297.694992,1.75E-06,6.40E-08
2299.054442,1.73E-06,-1.53E-07
2300.39466,1.76E-06,-1.78E-07
2301.764506,1.77E-06,-2.04E-07
2303.130089,1.76E-06,1.30E-08
2304.48013,1.67E-06,-6.40E-08
2305.839551,1.77E-06,-1.40E-07
2307.200043,1.69E-06,1.15E-07
2308.570384,1.66E-06,-3.80E-08
2309.926416,1.66E-06,2.17E-07
2311.279179,1.72E-06,-1.27E-07
2312.645518,1.72E-06,7.60E-08
2314.006496,1.69E-06,-2.42E-07
2315.369129,1.70E-06,-3.57E-07
2316.741275,1.66E-06,-3.06E-07
2318.096844,1.76E-06,-2.80E-07
2319.438726,1.68E-06,-1.27E-07
2320.798695,1.71E-06,-1.30E-08
2322.170803,1.72E-06,2.17E-07
2323.52904,1.64E-06,-1.40E-07
2324.886208,1.70E-06,-1.15E-07
2326.242076,1.73E-06,-2.68E-07
2327.605202,1.69E-06,1.53E-07
2328.961662,1.64E-06,-4.97E-07
2330.320317,1.69E-06,1.30E-08
2331.675656,1.66E-06,-6.40E-08
2333.034688,1.71E-06,8.90E-08
2334.389849,1.68E-06,-1.27E-07
2335.749009,1.65E-06,8.90E-08
2337.111664,1.67E-06,-2.80E-07
2338.458618,1.63E-06,5.10E-08
2339.826404,1.67E-06,-3.80E-08
2341.181457,1.64E-06,-3.82E-07
2342.543544,1.61E-06,2.17E-07
2343.889884,1.66E-06,1.15E-07
2345.24975,1.63E-06,4.46E-07
2346.620191,1.69E-06,-1.15E-07
2349.33886,1.63E-06,1.66E-07
2350.69999,1.63E-06,1.27E-07
2352.053857,1.65E-06,-4.21E-07
2353.414446,1.60E-06,-1.40E-07
2354.770897,1.63E-06,-2.55E-07
2356.130168,1.64E-06,-7.60E-08
2357.495421,1.66E-06,4.33E-07
2358.844069,1.58E-06,-2.93E-07
2360.212506,1.60E-06,-2.55E-07
2361.561763,1.59E-06,3.82E-07
2362.90923,1.65E-06,-6.40E-08
2364.259038,1.58E-06,0
2365.620907,1.60E-06,-3.82E-07
2366.974711,1.66E-06,-1.91E-07
2368.340127,1.61E-06,6.40E-08
2369.700958,1.61E-06,-1.53E-07
2371.072795,1.60E-06,1.40E-07
2372.419048,1.64E-06,-1.30E-08
2373.769868,1.56E-06,3.57E-07
2375.130408,1.61E-06,-2.50E-08
2376.499287,1.55E-06,-5.10E-08
2377.865603,1.46E-06,-2.93E-07
2379.228895,1.64E-06,-5.10E-08
2380.586516,1.54E-06,-3.95E-07
2381.934268,1.47E-06,-4.46E-07
2383.289486,1.58E-06,-1.66E-07
2384.663238,1.49E-06,3.31E-07
2386.024933,1.60E-06,-1.66E-07
2387.379064,1.53E-06,-5.35E-07
2388.740157,1.55E-06,1.66E-07
2390.091598,1.49E-06,-1.27E-07
2391.454348,1.59E-06,-5.35E-07
2392.798413,1.49E-06,-1.15E-07
2394.149947,1.56E-06,2.42E-07
2395.510235,1.56E-06,2.42E-07
2396.871179,1.53E-06,-3.57E-07
2398.229296,1.54E-06,1.53E-07
2399.572453,1.57E-06,-2.68E-07
2400.933522,1.52E-06,-1.91E-07
2402.300245,1.55E-06,1.66E-07
2403.649526,1.50E-06,-2.04E-07
2404.991559,1.54E-06,8.90E-08
2406.349055,1.50E-06,-2.42E-07
2407.819492,1.51E-06,-1.15E-07
2409.190577,1.59E-06,-3.80E-08
2410.549697,1.46E-06,1.30E-08
2411.908597,1.44E-06,-6.40E-08
2413.265935,1.54E-06,-1.27E-07
2414.620146,1.54E-06,-1.91E-07
2415.992358,1.51E-06,-1.30E-08
2417.339199,1.48E-06,-7.60E-08
2418.684767,1.46E-06,4.72E-07
2420.055238,1.48E-06,-3.80E-08
2421.418658,1.52E-06,-1.40E-07
2422.766705,1.50E-06,-3.80E-08
2424.121362,1.49E-06,-3.82E-07
2425.479608,1.50E-06,8.90E-08
2426.84975,1.44E-06,-3.80E-08
2428.223516,1.47E-06,-2.17E-07
2429.57407,1.50E-06,-6.40E-08
2430.920056,1.46E-06,-3.31E-07
2432.290363,1.49E-06,3.44E-07
2433.650899,1.50E-06,-2.68E-07
2435.018306,1.46E-06,-3.31E-07
2436.370983,1.43E-06,1.40E-07
2437.728263,1.49E-06,-7.60E-08
2439.092909,1.53E-06,-3.31E-07
2440.440652,1.40E-06,-5.10E-08
2441.809628,1.46E-06,-2.04E-07
2443.15506,1.49E-06,-2.80E-07
2444.509725,1.46E-06,-4.46E-07
2445.882189,1.45E-06,-1.53E-07
2447.239841,1.50E-06,0
2448.601924,1.38E-06,-3.80E-08
2449.950797,1.38E-06,-2.68E-07
2451.320849,1.45E-06,-1.53E-07
2452.675902,1.45E-06,2.17E-07
2454.033508,1.41E-06,7.60E-08
2455.379824,1.50E-06,-3.06E-07
2456.744471,1.45E-06,6.40E-08
2458.104989,1.35E-06,3.80E-08
2459.451141,1.40E-06,-2.42E-07
2460.800359,1.35E-06,1.30E-08
2462.190725,1.38E-06,-2.68E-07
2463.561083,1.43E-06,-1.15E-07
2464.921547,1.41E-06,-1.66E-07
2466.279767,1.40E-06,2.42E-07
2467.624105,1.39E-06,6.40E-08
2468.986668,1.43E-06,2.29E-07
2470.350235,1.35E-06,-8.90E-08
2471.706238,1.37E-06,-3.82E-07
2473.06906,1.49E-06,1.78E-07
2474.419865,1.42E-06,1.27E-07
2475.783475,1.39E-06,-3.70E-07
2477.146734,1.40E-06,-2.93E-07
2478.503051,1.43E-06,-2.93E-07
2479.863963,1.39E-06,-1.66E-07
2481.211382,1.25E-06,4.08E-07
2482.569935,1.45E-06,-2.55E-07
2483.936834,1.50E-06,-1.53E-07
2485.289967,1.41E-06,1.53E-07
2486.637532,1.40E-06,-7.60E-08
2487.998947,1.35E-06,1.66E-07
2489.362731,1.34E-06,-8.90E-08
2490.713002,1.42E-06,-1.40E-07
2492.074723,1.32E-06,-4.08E-07
2493.42154,1.37E-06,-4.46E-07
2494.783087,1.40E-06,3.31E-07
2496.145768,1.36E-06,7.60E-08
2497.500665,1.35E-06,1.15E-07
2498.858822,1.41E-06,-3.82E-07
2500.216474,1.35E-06,1.27E-07
2501.581867,1.35E-06,-2.80E-07
2502.933607,1.33E-06,8.90E-08
2504.279808,1.32E-06,0
2505.640845,1.29E-06,8.90E-08
2507.012892,1.32E-06,4.84E-07
2508.371301,1.32E-06,3.80E-08
2509.720205,1.38E-06,-4.08E-07
2511.081822,1.32E-06,-2.42E-07
2512.440086,1.32E-06,-7.60E-08
2513.806721,1.38E-06,8.90E-08
2515.152469,1.28E-06,2.04E-07
2516.520494,1.25E-06,-2.29E-07
2517.866316,1.30E-06,2.80E-07
2519.240217,1.31E-06,-5.10E-08
2520.601526,1.33E-06,8.90E-08
2521.97196,1.35E-06,-1.53E-07
2523.329848,1.34E-06,1.91E-07
2524.690356,1.29E-06,8.90E-08
2526.038577,1.29E-06,-8.90E-08
2527.391187,1.38E-06,-1.30E-08
2528.76128,1.33E-06,-1.40E-07
2530.116796,1.31E-06,-1.30E-08
2531.460936,1.28E-06,-3.80E-08
2532.811317,1.25E-06,-4.08E-07
2534.175849,1.32E-06,-1.53E-07
2535.536755,1.25E-06,-1.66E-07
2536.897277,1.23E-06,2.68E-07
2538.2505,1.29E-06,1.78E-07
2539.610441,1.30E-06,-1.27E-07
2540.963909,1.34E-06,-3.06E-07
2542.319838,1.33E-06,-8.90E-08
2543.670526,1.29E-06,1.30E-08
2545.047209,1.23E-06,1.27E-07
2546.41016,1.19E-06,2.80E-07
2547.760384,1.30E-06,2.42E-07
2549.12161,1.30E-06,2.68E-07
2550.480685,1.28E-06,-6.40E-08
2551.844407,1.26E-06,-3.06E-07
2553.216199,1.26E-06,1.40E-07
2554.581184,1.26E-06,-2.68E-07
2555.941405,1.23E-06,-1.66E-07
2557.291066,1.30E-06,-2.04E-07
2558.651764,1.24E-06,-4.21E-07
2560.018241,1.24E-06,-1.53E-07
2561.373336,1.26E-06,2.42E-07
2562.730909,1.27E-06,-2.50E-08
2564.08916,1.27E-06,2.04E-07
2565.450375,1.26E-06,-1.15E-07
2566.800806,1.32E-06,-5.99E-07
2568.144363,1.25E-06,-2.29E-07
2569.510739,1.25E-06,2.80E-07
2570.881147,1.25E-06,2.68E-07
2572.24093,1.20E-06,-7.60E-08
2573.591451,1.20E-06,3.44E-07
2574.956352,1.21E-06,-1.78E-07
2576.310762,1.22E-06,-2.17E-07
2577.682196,1.17E-06,-1.91E-07
2579.036756,1.27E-06,6.40E-08
2580.380719,1.25E-06,-5.10E-08
2581.740605,1.21E-06,-3.44E-07
2583.107337,1.15E-06,-2.93E-07
2584.458144,1.17E-06,-8.90E-08
2585.801764,1.22E-06,3.70E-07
2587.162389,1.16E-06,1.02E-07
2588.531199,1.24E-06,1.53E-07
2589.882545,1.22E-06,1.27E-07
2591.24075,1.19E-06,-2.29E-07
2592.590614,1.20E-06,-1.27E-07
2593.960694,1.22E-06,-2.50E-08
2595.310273,1.22E-06,-2.04E-07
2596.663105,1.16E-06,0
2598.025465,1.19E-06,2.50E-08
2599.390576,1.20E-06,1.78E-07
2600.740737,1.20E-06,6.40E-08
2602.102031,1.21E-06,8.90E-08
2603.451546,1.16E-06,-3.80E-08
2604.821672,1.22E-06,-1.30E-08
2606.171499,1.27E-06,3.80E-08
2607.528169,1.20E-06,-3.57E-07
2608.880671,1.17E-06,-5.99E-07
2610.243463,1.16E-06,-2.04E-07
2611.612602,1.12E-06,5.35E-07
2612.967247,1.20E-06,2.80E-07
2614.312274,1.21E-06,1.30E-08
2615.681953,1.12E-06,-1.02E-07
2617.0543,1.12E-06,-5.10E-08
2618.413952,1.20E-06,1.40E-07
2619.780383,1.20E-06,3.80E-08
2621.131942,1.14E-06,8.90E-08
2622.490435,1.24E-06,2.29E-07
2623.852415,1.17E-06,1.27E-07
2625.215772,1.12E-06,-5.99E-07
2626.562153,1.20E-06,-2.68E-07
2627.918207,1.13E-06,3.80E-08
2629.284899,1.21E-06,-1.40E-07
2630.644877,1.15E-06,-4.84E-07
2632.005516,1.21E-06,1.02E-07
2633.360845,1.16E-06,1.27E-07
2634.706621,1.12E-06,-3.82E-07
2636.075348,1.17E-06,-1.27E-07
2637.435305,1.15E-06,-5.10E-08
2638.791874,1.19E-06,7.60E-08
2640.136127,1.20E-06,2.55E-07
2641.50175,1.11E-06,1.15E-07
2642.867582,1.10E-06,-1.78E-07
2644.230506,1.17E-06,-3.80E-08
2645.58175,1.15E-06,3.80E-08
2646.931031,1.17E-06,-3.82E-07
2648.290046,1.20E-06,-8.90E-08
2649.651243,1.16E-06,-2.50E-08
2651.005124,1.14E-06,-1.30E-08
2652.350678,1.11E-06,-6.40E-08
2653.711565,1.13E-06,-1.66E-07
2655.087896,1.16E-06,-6.40E-08
2656.440715,1.10E-06,1.27E-07
2657.808889,1.09E-06,2.80E-07
2659.163606,1.06E-06,2.50E-08
2660.516764,1.10E-06,-1.27E-07
2661.880306,1.08E-06,2.29E-07
2663.239752,1.13E-06,-1.53E-07
2664.582879,1.10E-06,-3.82E-07
2665.946773,1.11E-06,5.10E-08
2667.318295,1.13E-06,0
2668.670569,1.18E-06,-1.53E-07
2670.032368,1.07E-06,3.80E-08
2671.371303,1.12E-06,8.90E-08
2672.737624,1.17E-06,-8.90E-08
2674.105764,1.15E-06,-6.40E-08
2675.452535,1.11E-06,1.02E-07
2676.809637,1.10E-06,1.53E-07
2678.166613,1.09E-06,-1.40E-07
2679.531378,1.21E-06,-1.40E-07
2680.884308,1.09E-06,8.90E-08
2682.232091,1.09E-06,1.30E-08
2683.592919,1.11E-06,-3.57E-07
2684.962399,1.09E-06,0
2686.311759,1.12E-06,4.72E-07
2687.657877,1.08E-06,1.66E-07
2689.017609,1.13E-06,-3.80E-08
2690.380988,1.09E-06,2.50E-08
2691.737995,1.07E-06,5.10E-08
2693.092055,9.90E-07,3.57E-07
2694.441667,1.10E-06,-3.31E-07
2695.806563,1.05E-06,2.50E-08
2697.162208,1.01E-06,2.17E-07
2698.513455,1.01E-06,-5.10E-08
2699.865574,1.10E-06,-2.50E-08
2701.231937,1.09E-06,1.27E-07
2702.587981,1.12E-06,-2.68E-07
2703.929285,1.11E-06,2.17E-07
2705.293306,1.02E-06,1.78E-07
2706.652502,1.09E-06,1.15E-07
2708.01203,1.10E-06,-6.40E-08
2709.366881,1.05E-06,-5.23E-07
2710.711496,1.07E-06,-2.29E-07
2712.082357,1.03E-06,1.30E-08
2713.43288,1.11E-06,-4.21E-07
2714.79893,1.03E-06,-5.10E-08
2716.153161,1.04E-06,-3.95E-07
2717.523639,1.09E-06,-1.30E-08
2718.872652,1.10E-06,-8.90E-08
2720.233576,1.09E-06,3.70E-07
2721.59213,1.04E-06,-7.60E-08
2722.949121,1.08E-06,1.91E-07
2724.303331,1.09E-06,-1.27E-07
2725.663146,1.04E-06,-8.90E-08
2727.022586,1.06E-06,5.10E-08
2728.384516,1.04E-06,2.04E-07
2729.751153,1.05E-06,-1.78E-07
2731.106623,1.06E-06,-6.40E-08
2732.452604,9.76E-07,1.40E-07
2733.810572,1.06E-06,-2.50E-08
2735.171325,1.07E-06,-2.55E-07
2736.5322,9.98E-07,1.15E-07
2737.873538,1.04E-06,-1.91E-07
2739.243179,1.03E-06,-2.29E-07
2740.602445,1.13E-06,-1.27E-07
2741.962928,9.78E-07,2.50E-08
2743.311778,1.10E-06,-5.23E-07
2744.666505,1.09E-06,-1.91E-07
2746.037787,1.04E-06,1.02E-07
2747.392786,1.08E-06,-1.91E-07
2748.743775,1.07E-06,-1.78E-07
2750.097606,1.02E-06,4.84E-07
2751.452352,9.68E-07,-2.55E-07
2752.821122,9.56E-07,-1.53E-07
2754.174357,1.01E-06,1.02E-07
2755.532663,1.04E-06,-1.15E-07
2756.883043,1.04E-06,1.53E-07
2758.252625,1.03E-06,7.60E-08
2759.613104,1.02E-06,-6.40E-08
2760.965568,1.03E-06,-3.06E-07
2762.332266,1.03E-06,3.82E-07
2763.683519,9.83E-07,-1.15E-07
2765.042941,9.78E-07,-7.60E-08
2766.402194,1.02E-06,3.06E-07
2767.752225,1.04E-06,-3.06E-07
2769.105682,1.09E-06,-7.60E-08
2770.463233,1.01E-06,1.30E-08
2771.828509,9.71E-07,0
2773.184362,9.85E-07,5.10E-08
2774.53288,9.33E-07,-1.66E-07
2775.883733,9.71E-07,-3.06E-07
2777.252286,1.01E-06,1.27E-07
2778.612441,1.09E-06,1.30E-08
2779.969049,1.07E-06,-3.95E-07
2781.322559,1.05E-06,-4.08E-07
2782.692297,9.85E-07,2.42E-07
2784.049553,9.83E-07,-2.80E-07
2785.403422,1.05E-06,-8.90E-08
2786.752658,1.04E-06,-2.93E-07
2788.123449,1.05E-06,1.91E-07
2789.487652,9.81E-07,1.91E-07
2790.847282,9.81E-07,2.55E-07
2792.205191,1.04E-06,-3.44E-07
2793.54319,9.61E-07,7.60E-08
2794.909021,1.01E-06,1.15E-07
2796.27378,9.61E-07,1.15E-07
2797.623766,9.21E-07,-3.06E-07
2798.984302,9.98E-07,-2.17E-07
2800.343853,9.81E-07,1.40E-07
2801.705086,9.63E-07,-6.40E-08
2803.062343,1.03E-06,-2.93E-07
2804.405394,1.05E-06,-4.21E-07
2805.762891,1.04E-06,-7.60E-08
2807.154456,9.71E-07,7.60E-08
2808.514062,1.03E-06,-1.30E-08
2809.874217,9.95E-07,-4.46E-07
2811.230402,1.03E-06,6.40E-08
2812.573109,1.01E-06,1.53E-07
2813.93288,1.01E-06,3.80E-08
2815.294721,1.12E-06,-2.04E-07
2816.653158,9.56E-07,-3.70E-07
2818.018892,9.41E-07,3.80E-08
2819.364647,9.48E-07,-3.44E-07
2820.734497,9.90E-07,-2.29E-07
2822.092153,9.36E-07,1.78E-07
2823.437457,9.31E-07,1.27E-07
2824.796192,9.85E-07,-6.40E-08
2826.158952,1.04E-06,-1.15E-07
2827.514343,9.26E-07,-1.91E-07
2828.874691,1.02E-06,-1.91E-07
2830.23272,9.41E-07,5.10E-08
2831.594715,9.98E-07,2.68E-07
2832.949175,1.04E-06,-2.29E-07
2834.294072,9.76E-07,3.06E-07
2835.654573,9.38E-07,1.27E-07
2837.020781,9.90E-07,2.50E-08
2838.373511,9.93E-07,-8.90E-08
2839.714884,1.07E-06,-2.93E-07
2841.081539,9.56E-07,-1.78E-07
2842.435679,1.02E-06,-3.44E-07
2843.800406,9.66E-07,0
2845.166119,1.02E-06,1.91E-07
2846.524761,9.95E-07,-8.90E-08
2847.863868,9.06E-07,-1.27E-07
2849.232928,9.13E-07,2.50E-08
2850.595197,9.38E-07,-1.78E-07
2851.941826,9.71E-07,-2.50E-08
2853.295244,9.71E-07,-1.78E-07
2854.647034,9.98E-07,5.10E-08
2856.014551,9.38E-07,3.95E-07
2857.363518,9.18E-07,1.30E-08
2858.711845,9.23E-07,-1.66E-07
2860.084193,9.81E-07,2.42E-07
2861.453897,9.73E-07,-2.42E-07
2862.824249,9.28E-07,-3.82E-07
2864.176181,1.01E-06,-1.27E-07
2865.534951,8.81E-07,-3.06E-07
2866.889666,8.98E-07,1.40E-07
2868.251883,9.53E-07,-2.93E-07
2869.606035,9.13E-07,-1.27E-07
2870.964288,9.28E-07,3.80E-08
2872.313572,9.21E-07,-6.40E-08
2873.679261,9.85E-07,1.53E-07
2875.041143,9.23E-07,-7.60E-08
2876.395627,9.28E-07,-5.10E-08
2877.753476,9.43E-07,2.17E-07
2879.119543,1.01E-06,3.57E-07
2880.473536,9.93E-07,3.80E-08
2881.834502,8.61E-07,-2.17E-07
2883.186075,9.06E-07,-6.40E-08
2884.555199,9.26E-07,-7.60E-08
2885.917211,9.23E-07,3.31E-07
2887.270449,8.88E-07,1.02E-07
2888.62042,9.58E-07,-2.68E-07
2889.977972,9.13E-07,4.08E-07
2891.343719,9.08E-07,2.29E-07
2892.697786,9.61E-07,-3.44E-07
2894.051215,8.56E-07,-1.91E-07
2895.40777,9.13E-07,-3.95E-07
2896.760303,8.76E-07,6.40E-08
2898.112481,9.21E-07,-3.19E-07
2899.4718,8.96E-07,-2.04E-07
2900.827354,8.96E-07,-3.95E-07
2902.192631,9.78E-07,-2.55E-07
2903.555628,9.95E-07,-2.17E-07
2904.904777,8.78E-07,-2.50E-08
2906.255733,9.41E-07,0
2907.624097,9.66E-07,7.60E-08
2908.975126,8.91E-07,-3.70E-07
2910.335493,9.26E-07,-1.53E-07
2911.688546,9.58E-07,-2.17E-07
2913.056474,9.78E-07,3.57E-07
2914.404435,9.23E-07,-2.42E-07
2915.754838,8.69E-07,-5.48E-07
2917.120395,9.48E-07,1.40E-07
2918.482242,8.61E-07,-6.40E-08
2919.833967,9.03E-07,-3.80E-08
2921.185636,9.33E-07,-2.80E-07
2922.535945,9.31E-07,1.30E-08
2923.898881,1.01E-06,6.76E-07
2925.253952,9.58E-07,-5.10E-08
2926.605783,9.66E-07,6.40E-08
2927.960871,9.76E-07,-3.44E-07
2929.328572,9.08E-07,-2.50E-08
2930.675346,9.16E-07,-5.10E-08
2932.03803,9.58E-07,-7.60E-08
2933.396804,8.54E-07,-1.02E-07
2934.760257,8.69E-07,-5.10E-08
2936.114355,9.33E-07,-2.68E-07
2937.4496,9.16E-07,3.44E-07
2938.810529,9.01E-07,-3.57E-07
2940.176028,9.23E-07,3.80E-08
2941.529636,9.53E-07,-1.30E-08
2942.872087,8.64E-07,-1.02E-07
2944.236068,8.83E-07,-4.33E-07
2945.596493,9.63E-07,-1.02E-07
2946.956521,9.71E-07,-1.40E-07
2948.304684,9.01E-07,1.30E-08
2949.665534,8.78E-07,8.90E-08
2951.040397,9.26E-07,2.04E-07
2952.385708,9.21E-07,1.27E-07
2953.741476,8.98E-07,-1.66E-07
2955.100467,9.16E-07,1.30E-08
2956.454876,8.56E-07,2.50E-08
2957.811528,8.88E-07,3.80E-08
2959.176333,8.46E-07,-1.30E-08
2960.515036,9.26E-07,1.78E-07
2961.886131,9.11E-07,-2.55E-07
2963.255739,8.93E-07,-1.40E-07
2964.606935,8.86E-07,1.15E-07
2965.952841,8.91E-07,-4.84E-07
2967.307848,9.33E-07,-2.55E-07
2968.677595,9.26E-07,-3.82E-07
2970.033077,8.74E-07,2.29E-07
2971.386286,8.96E-07,-1.91E-07
2972.729947,8.93E-07,8.90E-08
2974.108962,9.21E-07,6.40E-08
2975.475353,8.81E-07,-1.78E-07
2976.839317,8.74E-07,-8.90E-08
2978.205494,8.81E-07,-4.97E-07
2979.556685,9.28E-07,6.40E-08
2980.905008,8.31E-07,-1.30E-08
2982.276955,9.26E-07,2.04E-07
2983.624988,8.93E-07,3.80E-08
2985.03121,9.03E-07,-2.93E-07
2986.385145,8.86E-07,-1.53E-07
2987.731937,8.54E-07,-6.40E-08
2989.096506,8.86E-07,-1.66E-07
2990.459698,8.31E-07,-1.53E-07
2991.81581,8.34E-07,-2.68E-07
2993.156693,8.71E-07,1.30E-08
2994.517425,8.39E-07,-3.57E-07
2995.887025,8.01E-07,3.44E-07
2997.235887,8.78E-07,6.40E-08
2998.59572,9.53E-07,-1.27E-07
2999.933443,7.81E-07,2.04E-07
3001.306169,8.98E-07,-1.66E-07
3002.671588,8.01E-07,1.30E-08
3004.028754,9.11E-07,-3.70E-07
3005.365765,8.29E-07,3.70E-07
3006.727262,8.39E-07,7.60E-08
3008.098987,9.21E-07,-6.40E-08
3009.446666,8.61E-07,6.40E-08
3010.79392,8.81E-07,7.60E-08
3012.156349,8.56E-07,-1.78E-07
3013.52001,8.39E-07,7.60E-08
3014.878225,8.59E-07,7.60E-08
3016.236328,8.29E-07,1.27E-07
3017.582015,9.13E-07,-8.90E-08
3018.945486,8.56E-07,-1.15E-07
3020.306933,8.41E-07,-5.74E-07
3021.655123,8.34E-07,-1.91E-07
3023.006575,9.11E-07,-1.66E-07
3024.376571,8.39E-07,-2.17E-07
3025.737178,8.44E-07,-1.02E-07
3027.091022,9.63E-07,1.02E-07
3028.447122,8.46E-07,-1.27E-07
3029.809444,9.53E-07,1.53E-07
3031.157433,8.29E-07,4.59E-07
3032.512806,8.76E-07,2.68E-07
3033.866865,8.98E-07,6.40E-08
3035.236006,8.98E-07,3.44E-07
3036.596626,8.31E-07,-1.78E-07
3037.954175,8.19E-07,-2.29E-07
3039.297249,8.83E-07,-1.40E-07
3040.657325,8.66E-07,0
3042.028403,8.69E-07,-2.55E-07
3043.385686,8.66E-07,-6.40E-08
3044.741667,8.29E-07,1.78E-07
3046.097213,8.74E-07,1.27E-07
3047.456743,7.96E-07,-1.15E-07
3048.806346,8.86E-07,1.53E-07
3050.161587,8.54E-07,-2.42E-07
3051.525898,8.21E-07,-2.17E-07
3052.884805,8.36E-07,8.90E-08
3054.239884,8.86E-07,-7.60E-08
3055.585479,8.61E-07,-1.66E-07
3056.939811,8.29E-07,2.50E-08
3058.316498,8.26E-07,8.90E-08
3059.676234,7.74E-07,-2.55E-07
3061.030816,8.09E-07,-6.40E-08
3062.371161,8.74E-07,-3.19E-07
3063.738138,8.34E-07,1.15E-07
3065.10733,8.56E-07,-1.66E-07
3066.463476,7.86E-07,2.42E-07
3067.814912,8.78E-07,2.93E-07
3069.168831,7.94E-07,-1.78E-07
3070.536551,8.59E-07,2.29E-07
3071.896189,8.59E-07,-1.02E-07
3073.247069,8.49E-07,1.91E-07
3074.596866,8.61E-07,-1.27E-07
3075.967029,8.78E-07,6.40E-08
3077.32623,8.46E-07,-3.06E-07
3078.677286,7.94E-07,2.55E-07
3080.035859,8.74E-07,-1.30E-08
3081.388885,9.23E-07,-6.40E-08
3082.767166,7.74E-07,5.10E-08
3084.135014,8.83E-07,-3.80E-08
3085.486451,9.46E-07,-1.91E-07
3086.838791,8.56E-07,-2.04E-07
3088.189663,8.54E-07,2.50E-08
3089.557302,7.91E-07,-1.02E-07
3090.907205,8.36E-07,-5.10E-07
3092.256208,9.06E-07,-1.30E-08
3093.620631,7.89E-07,-8.90E-08
3094.974147,7.29E-07,-1.30E-08
3096.33715,8.56E-07,-2.55E-07
3097.680174,8.14E-07,-1.27E-07
3099.03971,8.09E-07,-2.80E-07
3100.396774,8.16E-07,1.02E-07
3101.758157,8.16E-07,1.91E-07
3103.111009,8.59E-07,-7.60E-08
3104.46706,8.36E-07,-3.31E-07
3105.827668,7.86E-07,-1.30E-08
3107.188184,8.04E-07,5.10E-08
3108.536948,8.66E-07,2.80E-07
3109.895385,8.11E-07,-2.80E-07
3111.256343,8.86E-07,1.02E-07
3112.624153,9.23E-07,-2.68E-07
3114.000247,8.16E-07,-2.04E-07
3115.358717,7.86E-07,8.90E-08
3116.70723,8.88E-07,1.78E-07
3118.071705,8.78E-07,0
3119.426879,8.71E-07,-2.55E-07
3120.787551,8.36E-07,0
3122.148174,8.21E-07,-1.66E-07
3123.497062,8.46E-07,-1.15E-07
3124.86279,8.21E-07,-2.17E-07
3126.21858,8.93E-07,-3.70E-07
3127.558937,7.96E-07,-1.27E-07
3128.918662,8.16E-07,1.53E-07
3130.289009,7.89E-07,1.27E-07
3131.637544,8.34E-07,-2.17E-07
3133.007803,9.06E-07,-2.80E-07
3134.34663,7.94E-07,-5.10E-08
3135.716974,8.16E-07,1.91E-07
3137.080853,8.01E-07,8.90E-08
3138.437144,7.69E-07,2.50E-08
3139.788835,8.46E-07,-7.60E-08
3141.138666,8.46E-07,-3.82E-07
3142.507597,8.66E-07,-7.60E-08
3143.857082,8.61E-07,-3.57E-07
3145.208958,8.49E-07,-3.19E-07
3146.572538,8.41E-07,-1.30E-08
3147.938153,8.09E-07,-1.66E-07
3149.288845,8.44E-07,8.90E-08
3150.648723,8.29E-07,-7.60E-08
3152.006822,8.19E-07,5.10E-08
3153.370312,7.24E-07,-1.15E-07
3154.730095,8.61E-07,2.50E-08
3156.08639,7.64E-07,8.90E-08
3157.443257,7.84E-07,-1.53E-07
3158.808152,7.69E-07,-4.21E-07
3160.168845,8.61E-07,-6.76E-07
3161.524845,8.14E-07,8.90E-08
3162.881356,8.51E-07,2.50E-08
3164.244145,7.86E-07,1.66E-07
3165.599368,8.39E-07,1.15E-07
3166.955541,7.99E-07,-2.17E-07
3168.312518,7.49E-07,-2.93E-07
3169.675418,7.66E-07,-8.90E-08
3171.031176,8.26E-07,-2.68E-07
3172.388715,8.24E-07,3.80E-08
3173.744162,8.19E-07,-1.30E-08
3175.107144,8.59E-07,-2.55E-07
3176.463438,8.29E-07,5.10E-08
3177.828444,7.22E-07,2.50E-08
3179.179144,8.01E-07,-7.60E-08
3180.538942,7.81E-07,1.91E-07
3181.900555,8.83E-07,-1.78E-07
3183.248301,8.21E-07,1.27E-07
3184.60457,7.44E-07,6.40E-08
3185.961829,8.69E-07,3.19E-07
3187.328415,7.59E-07,1.30E-08
3188.680942,7.71E-07,-7.60E-08
3190.028378,7.84E-07,0
3191.380485,8.54E-07,-1.15E-07
3192.73956,8.31E-07,-2.80E-07
3194.10229,8.41E-07,-2.42E-07
3195.449141,7.99E-07,-1.02E-07
3196.800861,8.34E-07,-8.90E-08
3198.169062,7.94E-07,8.90E-08
3199.528664,8.24E-07,-1.15E-07
3200.878551,7.79E-07,3.31E-07
3202.238244,8.49E-07,-2.93E-07
3203.599246,8.66E-07,-1.66E-07
3204.959854,8.14E-07,-2.93E-07
3206.309908,8.49E-07,-4.59E-07
3207.654079,8.51E-07,-8.90E-08
3209.02256,7.69E-07,0
3210.389244,7.79E-07,-1.30E-08
3211.752329,7.42E-07,2.42E-07
3213.108933,8.14E-07,1.15E-07
3214.448197,7.09E-07,4.21E-07
3215.817987,7.81E-07,-4.21E-07
3217.189363,8.14E-07,3.57E-07
3218.548507,8.14E-07,-1.02E-07
3219.888931,8.49E-07,-3.06E-07
3221.248027,7.57E-07,7.60E-08
3222.628933,8.69E-07,-1.15E-07
3223.993882,8.46E-07,-2.29E-07
3225.348851,7.71E-07,-1.40E-07
3226.718933,8.34E-07,-3.44E-07
3228.064546,8.34E-07,5.10E-08
3229.418708,7.89E-07,-1.27E-07
3230.788874,8.01E-07,-1.15E-07
3232.146514,8.14E-07,-5.10E-08
3233.498693,7.86E-07,0
3234.856695,8.31E-07,-2.17E-07
3236.220175,7.79E-07,3.80E-08
3237.569938,7.96E-07,-2.04E-07
3238.929589,7.22E-07,2.55E-07
3240.278705,8.46E-07,3.82E-07
3241.640548,8.09E-07,2.68E-07
3243.007013,7.09E-07,3.80E-08
3244.365823,8.04E-07,-1.02E-07
3245.719566,7.44E-07,-2.55E-07
3247.086488,8.01E-07,4.46E-07
3248.443176,7.91E-07,0
3249.79921,7.64E-07,1.40E-07
3251.14973,7.66E-07,-3.57E-07
3252.498791,8.26E-07,-2.42E-07
3253.889234,7.84E-07,0
3255.248744,8.06E-07,-2.17E-07
3256.619524,8.16E-07,-2.80E-07
3257.966494,8.11E-07,-1.02E-07
3259.320427,7.74E-07,-1.27E-07
3260.684445,7.44E-07,3.80E-08
3262.047977,7.44E-07,6.40E-08
3263.399248,7.89E-07,-2.17E-07
3264.759659,7.71E-07,2.42E-07
3266.112989,7.07E-07,0
3267.469587,7.64E-07,-1.40E-07
3268.829613,7.71E-07,8.90E-08
3270.180114,7.86E-07,-2.04E-07
3271.532657,8.04E-07,-1.91E-07
3272.899544,7.74E-07,-1.40E-07
3274.249626,7.44E-07,-1.27E-07
3275.60869,8.21E-07,-2.17E-07
3276.962588,8.19E-07,-2.50E-08
3278.329957,7.57E-07,-3.57E-07
3279.676623,7.42E-07,1.66E-07
3281.04304,8.09E-07,-2.17E-07
3282.391632,8.04E-07,-1.02E-07
3283.759876,7.54E-07,2.17E-07
3285.130694,7.62E-07,1.66E-07
3286.479424,8.29E-07,1.15E-07
3287.835326,7.59E-07,7.60E-08
3289.20005,7.29E-07,-2.29E-07
3290.562532,8.14E-07,-8.90E-08
3291.91484,7.14E-07,-2.42E-07
3293.258772,7.86E-07,1.15E-07
3294.619121,7.54E-07,-2.29E-07
3295.979852,7.49E-07,2.93E-07
3297.339306,7.19E-07,1.30E-08
3298.685491,7.96E-07,-5.10E-07
3300.047801,7.22E-07,2.29E-07
3301.410202,8.11E-07,-2.93E-07
3302.765432,7.89E-07,3.06E-07
3304.122265,7.57E-07,1.02E-07
3305.471876,8.04E-07,1.40E-07
3306.834991,6.97E-07,-2.17E-07
3308.210157,7.64E-07,-1.78E-07
3309.560333,7.57E-07,-5.10E-08
3310.922815,6.84E-07,6.40E-08
3312.279487,6.89E-07,-1.15E-07
3313.640059,7.66E-07,-1.53E-07
3314.999877,7.74E-07,-1.02E-07
3316.340964,7.57E-07,1.02E-07
3317.70717,7.07E-07,2.29E-07
3319.072972,8.59E-07,-2.17E-07
3320.419137,8.61E-07,-1.78E-07
3321.774456,8.06E-07,3.06E-07
3323.130912,7.32E-07,7.60E-08
3324.49965,8.06E-07,8.90E-08
3325.852021,7.74E-07,-1.27E-07
3327.21082,7.62E-07,-3.80E-08
3328.561006,7.39E-07,-3.70E-07
3329.919366,7.76E-07,1.02E-07
3331.279148,7.59E-07,-6.40E-08
3332.636619,7.84E-07,-2.80E-07
3333.979089,7.57E-07,1.30E-08
3335.351688,8.14E-07,-2.04E-07
3336.720503,7.86E-07,2.17E-07
3338.085692,7.84E-07,-3.82E-07
3339.440066,7.14E-07,8.90E-08
3340.776474,7.12E-07,-7.60E-08
3342.14152,7.27E-07,-2.93E-07
3343.500083,7.07E-07,1.78E-07
3344.854406,7.76E-07,-2.04E-07
3346.22108,6.99E-07,-1.15E-07
3347.577239,7.42E-07,-2.55E-07
3348.938917,7.84E-07,-2.17E-07
3350.29714,7.49E-07,2.93E-07
3351.649775,7.24E-07,1.27E-07
3353.002438,6.94E-07,2.29E-07
3354.373323,7.94E-07,1.15E-07
3355.724559,7.57E-07,-5.10E-07
3357.07076,6.97E-07,-1.02E-07
3358.430955,7.91E-07,-4.59E-07
3359.790238,7.59E-07,5.10E-08
3361.151702,7.07E-07,2.04E-07
3362.499965,7.47E-07,3.80E-08
3363.860232,7.59E-07,1.40E-07
3365.221202,7.24E-07,7.60E-08
3366.584802,7.64E-07,-4.33E-07
3367.94242,7.91E-07,-1.78E-07
3369.309435,7.14E-07,-3.80E-08
3370.661377,7.59E-07,-1.30E-08
3372.024559,7.64E-07,-5.48E-07
3373.389879,7.39E-07,2.42E-07
3374.74118,7.27E-07,-1.15E-07
3376.09224,7.12E-07,2.04E-07
3377.449912,7.54E-07,8.90E-08
3378.810663,6.40E-07,-6.40E-08
3380.17051,7.29E-07,5.10E-08
3381.520848,7.34E-07,1.40E-07
3382.869874,7.91E-07,1.30E-08
3384.220964,7.74E-07,4.46E-07
3385.590128,6.50E-07,2.55E-07
3386.949807,7.17E-07,0
3388.300337,7.09E-07,-1.78E-07
3389.662656,7.84E-07,1.27E-07
3391.027236,7.34E-07,-2.93E-07
3392.380925,7.34E-07,5.10E-08
3393.730045,7.22E-07,2.29E-07
3395.1001,7.39E-07,-1.91E-07
3396.465472,7.19E-07,-5.10E-08
3397.821506,7.84E-07,-1.30E-08
3399.171469,6.89E-07,2.55E-07
3400.521569,7.49E-07,-2.17E-07
3401.880848,7.07E-07,7.60E-08
3403.251421,7.07E-07,5.35E-07
3404.604086,6.57E-07,-6.40E-08
3405.960175,7.12E-07,-3.70E-07
3407.307827,7.02E-07,-6.40E-08
3408.680506,7.34E-07,-2.42E-07
3410.044096,7.44E-07,-7.60E-08
3411.388182,7.24E-07,-2.80E-07
3412.74109,6.94E-07,-2.93E-07
3414.109598,7.09E-07,1.15E-07
3415.469992,6.94E-07,-2.50E-08
3416.820036,7.14E-07,5.10E-08
3418.181762,6.89E-07,0
3419.540833,6.99E-07,-1.53E-07
3420.902449,6.77E-07,-2.93E-07
3422.25034,6.69E-07,-1.15E-07
3423.592018,6.79E-07,0
3424.962397,8.09E-07,-3.57E-07
3426.322336,6.25E-07,-2.29E-07
3427.670542,7.37E-07,1.40E-07
3429.028489,6.72E-07,2.93E-07
3430.381397,7.39E-07,2.68E-07
3431.751729,6.77E-07,1.27E-07
3433.104577,6.69E-07,2.80E-07
3434.440804,7.09E-07,-6.40E-08
3435.801328,7.07E-07,3.44E-07
3437.172169,7.74E-07,3.80E-08
3438.579999,7.79E-07,-5.61E-07
3439.940946,7.27E-07,-3.06E-07
3441.310203,6.82E-07,-7.60E-08
3442.670194,6.89E-07,2.80E-07
3444.028781,7.22E-07,0
3445.372932,7.22E-07,7.60E-08
3446.73285,8.11E-07,-1.15E-07
3448.102124,5.97E-07,-8.90E-08
3449.450788,7.57E-07,-2.29E-07
3450.810375,7.49E-07,-3.06E-07
3452.162118,7.49E-07,-1.30E-08
3453.5311,6.69E-07,3.19E-07
3454.880969,7.44E-07,4.59E-07
3456.243066,7.27E-07,-3.82E-07
3457.601679,7.47E-07,7.60E-08
3458.962651,7.37E-07,1.53E-07
3460.318515,6.57E-07,-2.50E-08
3461.671493,7.14E-07,-4.21E-07
3463.034362,6.82E-07,-6.40E-08
3464.39318,7.04E-07,-1.53E-07
3465.758243,7.42E-07,-2.68E-07
3467.115915,7.09E-07,-3.06E-07
3468.460699,6.77E-07,-1.30E-08
3469.814046,7.02E-07,-8.90E-08
3471.181978,6.52E-07,6.40E-08
3472.541304,7.14E-07,-1.66E-07
3473.895238,7.22E-07,-4.33E-07
3475.250276,6.97E-07,-1.40E-07
3476.604762,6.97E-07,-1.27E-07
3477.962781,6.32E-07,3.80E-08
3479.324297,6.64E-07,-2.17E-07
3480.681574,7.29E-07,-3.80E-08
3482.05547,6.87E-07,3.80E-08
3483.41054,7.81E-07,2.29E-07
3484.765198,6.57E-07,2.50E-08
3486.124508,6.74E-07,-1.53E-07
3487.481345,7.99E-07,-5.23E-07
3488.832464,7.02E-07,1.78E-07
3490.181588,6.69E-07,-2.68E-07
3491.551363,6.20E-07,2.50E-08
3492.915379,6.99E-07,3.80E-08
3494.270442,6.89E-07,-1.91E-07
3495.620898,7.12E-07,5.10E-08
3496.982182,6.87E-07,-1.15E-07
3498.350116,6.52E-07,-4.21E-07
3499.703696,6.47E-07,-2.50E-08
3501.054793,6.77E-07,-1.40E-07
3502.409523,6.92E-07,-1.91E-07
3503.78239,7.02E-07,7.60E-08
3505.140237,7.47E-07,2.50E-08
3506.492795,6.32E-07,-3.06E-07
3507.845588,6.42E-07,3.95E-07
3509.203443,7.17E-07,-3.31E-07
3510.572767,6.57E-07,-3.19E-07
3511.925317,6.72E-07,2.68E-07
3513.280411,6.62E-07,-3.95E-07
3514.632812,7.27E-07,-5.86E-07
3515.993683,7.39E-07,0
3517.352189,6.35E-07,-1.02E-07
3518.710129,6.89E-07,6.40E-08
3520.071002,6.27E-07,2.04E-07
3521.430923,6.84E-07,-2.50E-08
3522.783875,6.45E-07,1.91E-07
3524.142474,6.55E-07,1.02E-07
3525.493908,6.87E-07,-2.29E-07
3526.851226,6.64E-07,1.30E-08
3528.221568,6.79E-07,-1.91E-07
3529.581172,6.45E-07,-2.68E-07
3530.928653,6.35E-07,-1.02E-07
3532.300904,6.87E-07,-2.29E-07
3533.658557,6.92E-07,-2.50E-08
3535.027796,6.94E-07,-3.44E-07
3536.380873,6.62E-07,1.30E-08
3537.728818,6.57E-07,-8.90E-08
3539.09473,6.92E-07,2.68E-07
3540.45144,6.20E-07,1.02E-07
3541.81217,6.57E-07,-1.15E-07
3543.171586,7.19E-07,-8.90E-08
3544.521421,6.52E-07,-1.91E-07
3545.888097,7.37E-07,-2.55E-07
3547.251243,5.40E-07,-1.30E-08
3548.610877,6.02E-07,-1.53E-07
3549.962097,6.99E-07,3.44E-07
3551.321713,6.37E-07,5.10E-08
3552.684615,6.12E-07,-3.06E-07
3554.040425,6.42E-07,1.27E-07
3555.390881,6.32E-07,-8.90E-08
3556.743314,6.37E-07,-2.04E-07
3558.114687,6.30E-07,-4.84E-07
3559.459025,6.64E-07,-2.93E-07
3560.801157,6.47E-07,-2.04E-07
3562.172203,6.89E-07,-6.40E-08
3563.531454,6.62E-07,-1.66E-07
3564.884121,6.15E-07,-5.10E-08
3566.240609,5.90E-07,-1.15E-07
3567.611261,6.69E-07,1.78E-07
3568.971322,6.05E-07,-2.50E-08
3570.321773,6.99E-07,1.30E-08
3571.674732,6.25E-07,-3.06E-07
3573.04076,6.30E-07,-2.50E-08
3574.402739,6.15E-07,3.95E-07
3575.762432,5.65E-07,1.91E-07
3577.11946,5.67E-07,2.50E-08
3578.461318,6.62E-07,2.04E-07
3579.826762,6.17E-07,4.21E-07
3581.203169,6.30E-07,-3.31E-07
3582.566038,6.32E-07,1.02E-07
3583.914832,6.07E-07,-1.66E-07
3585.281483,6.52E-07,5.10E-08
3586.632137,6.37E-07,-1.27E-07
3587.992243,6.40E-07,3.80E-08
3589.352432,6.64E-07,-3.70E-07
3590.751853,6.20E-07,-2.17E-07
3592.114293,6.45E-07,8.90E-08
3593.451526,6.27E-07,-1.53E-07
3594.811729,6.74E-07,2.42E-07
3596.175973,6.17E-07,-2.50E-08
3597.527029,6.17E-07,-1.53E-07
3598.867367,6.72E-07,1.66E-07
3600.241018,7.22E-07,-6.12E-07
3601.612107,7.12E-07,-1.27E-07
3602.972575,5.62E-07,-4.59E-07
3604.33125,6.05E-07,1.66E-07
3605.685046,6.37E-07,-3.80E-08
3607.044519,6.27E-07,1.02E-07
3608.402082,6.40E-07,-1.30E-08
3609.761314,6.74E-07,-3.31E-07
3611.122535,6.35E-07,3.19E-07
3612.482032,6.52E-07,2.04E-07
3613.843832,6.10E-07,-1.40E-07
3615.202618,6.77E-07,-2.42E-07
3616.561605,5.67E-07,1.30E-08
3617.909055,5.85E-07,2.68E-07
3619.27156,6.22E-07,-1.15E-07
3620.631214,6.92E-07,-1.91E-07
3621.989555,6.15E-07,3.82E-07
3623.350945,5.40E-07,-3.80E-08
3624.701241,5.70E-07,3.57E-07
3626.061287,6.69E-07,-1.27E-07
3627.421744,5.57E-07,-5.10E-08
3628.776845,6.52E-07,-5.10E-08
3630.136698,6.62E-07,-3.80E-08
3631.491501,6.20E-07,-2.42E-07
3632.859269,6.25E-07,2.42E-07
3634.212279,5.82E-07,-3.80E-08
3635.559288,6.02E-07,-1.53E-07
3636.912524,5.90E-07,2.50E-08
3638.281678,6.02E-07,1.40E-07
3639.645966,5.90E-07,-2.29E-07
3640.998476,5.52E-07,2.04E-07
3642.362995,6.69E-07,-5.10E-08
3643.71146,6.15E-07,-1.30E-08
3645.074327,6.20E-07,5.10E-08
3646.431176,5.75E-07,2.80E-07
3647.787352,7.27E-07,7.60E-08
3649.133183,6.20E-07,-6.40E-08
3650.491419,5.60E-07,-2.55E-07
3651.859208,5.72E-07,-8.90E-08
3653.212311,6.07E-07,1.78E-07
3654.562779,5.43E-07,1.15E-07
3655.915199,5.85E-07,-2.50E-08
3657.281252,6.10E-07,-6.40E-08
3658.633447,6.62E-07,-3.06E-07
3659.984505,6.25E-07,1.02E-07
3661.361323,6.05E-07,0
3662.718716,6.07E-07,1.66E-07
3664.081342,6.40E-07,-5.48E-07
3665.421756,5.48E-07,2.29E-07
3666.786402,5.95E-07,3.80E-08
3668.142921,5.65E-07,-3.80E-08
3669.502645,6.07E-07,-1.40E-07
3670.853018,5.85E-07,-8.90E-08
3672.202895,6.47E-07,2.50E-08
3673.565628,5.72E-07,1.15E-07
3674.921362,5.25E-07,1.30E-08
3676.273975,5.97E-07,4.84E-07
3677.628786,5.82E-07,-7.60E-08
3678.982063,6.50E-07,-1.15E-07
3680.341506,6.32E-07,2.68E-07
3681.702159,5.67E-07,2.04E-07
3683.06005,6.07E-07,-3.06E-07
3684.434719,6.27E-07,-4.46E-07
3685.797114,5.77E-07,-3.80E-08
3687.155151,5.95E-07,-1.02E-07
3688.502529,5.65E-07,-1.15E-07
3689.862309,5.48E-07,-2.50E-08
3691.235917,5.62E-07,-1.53E-07
3692.58899,5.72E-07,-1.53E-07
3693.951657,6.17E-07,0
3695.30187,5.80E-07,-1.27E-07
3696.661983,5.82E-07,-3.70E-07
3698.024802,5.60E-07,-2.55E-07
3699.372515,5.62E-07,4.59E-07
3700.742145,5.82E-07,-5.10E-08
3702.107025,5.28E-07,-1.91E-07
3703.452031,5.57E-07,8.90E-08
3704.801892,6.05E-07,7.60E-08
3706.173007,6.74E-07,-2.42E-07
3707.539209,5.20E-07,7.60E-08
3708.894551,5.62E-07,1.53E-07
3710.246711,5.77E-07,-2.93E-07
3711.601802,6.02E-07,1.66E-07
3712.957731,4.90E-07,1.15E-07
3714.332495,5.35E-07,7.60E-08
3715.692592,6.25E-07,-6.40E-08
3717.05454,5.15E-07,-3.70E-07
3718.404044,5.97E-07,6.40E-08
3719.758048,5.20E-07,2.93E-07
3721.125352,5.72E-07,-7.60E-08
3722.498268,6.12E-07,2.50E-08
3723.842942,6.20E-07,-1.66E-07
3725.19348,5.97E-07,-3.80E-08
3726.552986,5.80E-07,7.60E-08
3727.928551,5.70E-07,4.08E-07
3729.282733,5.43E-07,-7.78E-07
3730.643028,6.05E-07,-1.66E-07
3731.985846,5.75E-07,-1.91E-07
3733.34918,5.08E-07,-1.53E-07
3734.722621,5.43E-07,-1.66E-07
3736.081816,5.72E-07,8.90E-08
3737.424307,5.92E-07,1.53E-07
3738.795041,5.92E-07,-1.15E-07
3740.153874,6.00E-07,-6.40E-08
3741.52121,6.05E-07,-1.02E-07
3742.882655,5.55E-07,-3.80E-08
3744.241386,6.02E-07,3.80E-08
3745.60387,5.62E-07,3.82E-07
3746.956529,5.82E-07,1.02E-07
3748.334206,5.85E-07,-6.40E-08
3749.703673,4.43E-07,-3.31E-07
3751.056061,5.57E-07,-3.80E-08
3752.403248,5.52E-07,-2.55E-07
3753.766618,5.80E-07,-1.53E-07
3755.132444,5.50E-07,-4.08E-07
3756.477423,5.90E-07,5.10E-08
3757.820497,6.25E-07,1.30E-08
3759.182514,5.08E-07,2.50E-08
3760.558367,5.60E-07,-1.27E-07
3761.911751,5.75E-07,1.66E-07
3763.253686,4.98E-07,-7.60E-08
3764.617794,5.72E-07,-5.10E-08
3765.98298,5.85E-07,-1.53E-07
3767.332964,5.10E-07,3.31E-07
3768.682536,5.50E-07,-8.90E-08
3770.041031,5.30E-07,-6.40E-08
3771.401931,5.30E-07,0
3772.756904,4.80E-07,1.66E-07
3774.107008,4.78E-07,1.30E-08
3775.462369,6.35E-07,-1.40E-07
3776.826219,5.13E-07,1.78E-07
3778.183305,4.95E-07,-1.53E-07
3779.536519,5.55E-07,8.90E-08
3780.88508,5.33E-07,0
3782.25757,5.43E-07,5.10E-08
3783.623528,4.83E-07,1.53E-07
3784.984058,5.77E-07,-6.40E-08
3786.342638,5.77E-07,-1.15E-07
3787.692305,5.52E-07,6.40E-08
3789.053532,6.12E-07,-2.04E-07
3790.422849,5.35E-07,-1.27E-07
3791.786652,4.50E-07,-2.17E-07
3793.143549,5.18E-07,-7.60E-08
3794.492177,5.18E-07,-4.84E-07
3795.85298,5.15E-07,-1.02E-07
3797.214304,4.55E-07,-2.17E-07
3798.571824,5.18E-07,3.82E-07
3799.91107,5.72E-07,-1.15E-07
3801.276,5.05E-07,1.27E-07
3802.641284,5.43E-07,-1.27E-07
3803.992742,5.05E-07,-2.80E-07
3805.353167,5.38E-07,8.90E-08
3806.703661,5.10E-07,8.90E-08
3808.071033,5.15E-07,2.42E-07
3809.433443,4.53E-07,1.78E-07
3810.796665,5.18E-07,-3.06E-07
3812.148653,5.05E-07,3.80E-08
3813.513938,5.35E-07,5.10E-08
3814.871128,6.02E-07,-8.90E-08
3816.218966,5.03E-07,-2.04E-07
3817.572806,4.78E-07,5.61E-07
3818.933382,4.65E-07,-5.10E-08
3820.297187,5.50E-07,-7.60E-08
3821.657201,4.98E-07,-2.17E-07
3823.017511,5.18E-07,2.04E-07
3824.376077,5.03E-07,4.72E-07
3825.74251,4.98E-07,3.44E-07
3827.111891,4.93E-07,-1.30E-08
3828.465456,5.00E-07,2.50E-08
3829.812974,4.93E-07,-7.60E-08
3831.173554,4.53E-07,1.27E-07
3832.535928,4.55E-07,-3.82E-07
3833.902976,5.33E-07,7.60E-08
3835.253225,5.40E-07,3.80E-08
3836.604857,5.60E-07,1.91E-07
3837.983543,5.67E-07,-2.42E-07
3839.342989,4.18E-07,8.90E-08
3840.717563,4.85E-07,-1.53E-07
3842.082168,4.75E-07,2.50E-08
3843.452355,5.43E-07,2.50E-08
3844.812366,4.85E-07,8.90E-08
3846.154366,5.28E-07,7.60E-08
3847.514585,5.15E-07,-1.78E-07
3848.893086,4.63E-07,-1.53E-07
3850.254297,5.18E-07,-3.82E-07
3851.602976,5.90E-07,-3.31E-07
3852.953458,5.05E-07,-1.15E-07
3854.314389,5.80E-07,-1.30E-08
3855.678932,4.88E-07,-6.40E-08
3857.039681,4.85E-07,-2.04E-07
3858.394248,4.98E-07,-1.40E-07
3859.74302,5.13E-07,3.80E-08
3861.099885,5.40E-07,-1.78E-07
3862.475076,4.33E-07,7.60E-08
3863.830719,4.73E-07,-1.27E-07
3865.193059,5.28E-07,2.50E-08
3866.554062,5.10E-07,-1.27E-07
3867.904619,4.31E-07,-6.63E-07
3869.272758,5.82E-07,-2.55E-07
3870.633479,6.02E-07,-1.78E-07
3871.992371,5.48E-07,1.66E-07
3873.353992,4.18E-07,-7.60E-08
3874.703059,5.00E-07,-1.02E-07
3876.073507,4.08E-07,2.42E-07
3877.423366,4.85E-07,-6.40E-08
3878.780711,4.48E-07,7.60E-08
3880.134353,5.28E-07,3.80E-08
3881.493173,5.35E-07,2.17E-07
3882.855356,5.25E-07,1.78E-07
3884.20495,4.75E-07,3.80E-08
3885.565324,5.05E-07,-1.91E-07
3886.925295,5.43E-07,-1.15E-07
3888.312966,4.16E-07,1.40E-07
3889.673994,4.50E-07,-1.02E-07
3891.035522,4.65E-07,-1.02E-07
3892.373008,4.93E-07,-7.60E-08
3893.734007,4.80E-07,2.17E-07
3895.106074,4.45E-07,-2.04E-07
3896.463262,4.53E-07,5.10E-08
3897.813699,5.13E-07,5.10E-08
3899.1639,4.78E-07,1.91E-07
3900.518783,4.95E-07,0
3901.89354,4.75E-07,-6.40E-08
3903.242782,4.83E-07,-4.84E-07
3904.605865,4.55E-07,-2.17E-07
3905.97549,5.38E-07,1.02E-07
3907.323145,3.88E-07,7.60E-08
3908.695797,3.91E-07,-2.50E-08
3910.057088,4.70E-07,-1.02E-07
3911.404484,5.50E-07,-5.10E-08
3912.766832,4.23E-07,8.90E-08
3914.130324,4.16E-07,-3.19E-07
3915.48317,4.31E-07,-2.04E-07
3916.830229,4.60E-07,1.40E-07
3918.185831,4.43E-07,-1.27E-07
3919.550798,4.63E-07,-1.30E-08
3920.901261,4.95E-07,0
3922.256133,4.63E-07,1.27E-07
3923.612909,4.03E-07,1.30E-08
3924.98033,4.78E-07,-3.06E-07
3926.339669,4.18E-07,-7.60E-08
3927.68804,4.18E-07,-2.17E-07
3929.044609,4.83E-07,2.42E-07
3930.403677,4.31E-07,-1.27E-07
3931.769015,4.13E-07,-6.40E-08
3933.125833,4.13E-07,2.50E-08
3934.466846,4.53E-07,-2.80E-07
3935.834724,4.13E-07,-1.91E-07
3937.203372,5.10E-07,-1.91E-07
3938.548161,4.98E-07,-7.60E-08
3939.907184,4.68E-07,-2.42E-07
3941.267185,4.83E-07,3.70E-07
3942.619266,3.96E-07,0
3943.995531,4.06E-07,-1.91E-07
3945.354291,4.55E-07,2.50E-08
3946.707105,4.13E-07,-3.44E-07
3948.074469,4.70E-07,2.50E-08
3949.442372,4.16E-07,-5.10E-08
3950.805364,4.01E-07,-3.80E-08
3952.168001,4.50E-07,-1.91E-07
3953.532387,4.55E-07,1.66E-07
3954.885597,4.73E-07,6.40E-08
3956.240734,4.13E-07,5.10E-08
3957.608262,3.93E-07,8.90E-08
3958.972059,4.21E-07,7.60E-08
3960.331534,4.60E-07,-1.40E-07
3961.69017,4.55E-07,-1.27E-07
3963.043648,4.90E-07,-1.27E-07
3964.402909,4.45E-07,-1.91E-07
3965.763726,3.58E-07,-7.60E-08
3967.123417,4.08E-07,0
3968.465442,4.53E-07,-8.90E-08
3969.831611,4.78E-07,-1.27E-07
3971.195635,3.76E-07,-1.15E-07
3972.551215,4.93E-07,1.30E-08
3973.896602,4.41E-07,1.78E-07
3975.253118,4.16E-07,-3.06E-07
3976.621789,3.88E-07,1.40E-07
3977.978106,3.68E-07,-1.53E-07
3979.343767,4.58E-07,-1.02E-07
3980.697927,3.34E-07,-1.02E-07
3982.060133,3.56E-07,-5.10E-08
3983.422636,4.63E-07,-1.15E-07
3984.775124,4.18E-07,1.53E-07
3986.134845,4.11E-07,8.90E-08
3987.483501,3.91E-07,-1.15E-07
3988.84972,3.21E-07,-1.30E-08
3990.204666,3.81E-07,-2.50E-08
3991.565012,4.01E-07,2.68E-07
3992.932082,3.83E-07,2.17E-07
3994.293387,4.31E-07,-4.72E-07
3995.667521,4.26E-07,-2.50E-08
3997.037379,4.23E-07,-1.66E-07
3998.386594,3.78E-07,-3.80E-08
3999.750303,4.06E-07,1.15E-07
4001.104393,4.45E-07,-2.50E-08
4002.46436,3.16E-07,-1.40E-07
4003.837369,3.88E-07,6.25E-07
4005.19495,3.98E-07,5.10E-08
4006.548121,3.88E-07,-5.10E-08
4007.890781,3.63E-07,-2.80E-07
4009.253731,4.26E-07,-6.40E-08
4010.616754,3.76E-07,-2.29E-07
4011.979317,3.63E-07,5.10E-08
4013.326741,3.14E-07,-3.44E-07
4014.694729,4.65E-07,-1.27E-07
4016.065949,3.71E-07,-2.55E-07
4017.423906,4.18E-07,-7.60E-08
4018.786721,3.41E-07,1.40E-07
4020.145634,4.58E-07,-1.66E-07
4021.503997,3.76E-07,1.91E-07
4022.871774,3.58E-07,-2.42E-07
4024.228037,4.31E-07,2.29E-07
4025.579843,3.76E-07,-1.53E-07
4026.946264,4.26E-07,-1.91E-07
4028.311657,2.56E-07,5.10E-08
4029.676187,3.73E-07,-2.50E-08
4031.033531,3.96E-07,-3.80E-08
4032.389776,4.33E-07,-3.80E-08
4033.747072,3.29E-07,0
4035.114283,3.01E-07,4.97E-07
4036.465283,2.34E-07,3.70E-07
4037.820921,4.23E-07,-1.02E-07
4039.176411,3.51E-07,1.27E-07
4040.534078,3.43E-07,6.40E-08
4041.876498,3.58E-07,-3.82E-07
