Time,TEG1,TEG2,Current,Supply_voltage,Cell_voltage,Time_stamp
1.845184564590454,-7.0856e-05,8.3382e-05,0.0,1.3e-07,9.1e-07,"03 04 2019, 14_52_42"
3.5553555488586426,-7.0115e-05,8.3031e-05,-1.017e-07,1.3e-07,7.8e-07,"03 04 2019, 14_52_44"
5.265526533126831,-7.0427e-05,8.3148e-05,7.63e-08,0.0,3.9e-07,"03 04 2019, 14_52_46"
6.978697776794434,-7.0856e-05,8.3096e-05,2.54e-08,2.6e-07,5.2e-07,"03 04 2019, 14_52_48"
8.690869092941284,-7.0414e-05,8.3083e-05,-1.526e-07,7.8e-07,6.5e-07,"03 04 2019, 14_52_49"
10.398039817810059,-7.0869e-05,8.2797e-05,-1.526e-07,2.6e-07,-1.3e-07,"03 04 2019, 14_52_51"
12.11021089553833,-7.0713e-05,8.2979e-05,-1.017e-07,6.5e-07,1.04e-06,"03 04 2019, 14_52_53"
13.817381620407104,-7.0778e-05,8.2667e-05,-2.54e-08,0.0,-1.3e-07,"03 04 2019, 14_52_54"
15.526552677154541,-7.0219e-05,8.3161e-05,-5.09e-08,-1.3e-07,1.3e-07,"03 04 2019, 14_52_56"
17.241724252700806,-7.0466e-05,8.2992e-05,-2.54e-08,9.1e-07,-3.9e-07,"03 04 2019, 14_52_58"
18.953895092010498,-7.0518e-05,8.2693e-05,0.0,6.5e-07,9.1e-07,"03 04 2019, 14_52_59"
20.663066148757935,-7.0414e-05,8.3018e-05,2.54e-08,-3.9e-07,2.6e-07,"03 04 2019, 14_53_01"
22.376237392425537,-7.1024e-05,8.2849e-05,-1.526e-07,2.6e-07,3.9e-07,"03 04 2019, 14_53_03"
24.08940887451172,-7.0882e-05,8.3278e-05,0.0,-1.3e-07,-2.6e-07,"03 04 2019, 14_53_05"
25.822582006454468,-7.0427e-05,8.3291e-05,2.54e-08,-5.2e-07,3.9e-07,"03 04 2019, 14_53_06"
27.529752731323242,-7.0687e-05,8.3005e-05,-2.289e-07,-5.2e-07,-1.3e-07,"03 04 2019, 14_53_08"
29.242923974990845,-7.0492e-05,8.3031e-05,-2.54e-08,0.0,1.3e-07,"03 04 2019, 14_53_10"
30.95209503173828,-7.0791e-05,8.2875e-05,-7.63e-08,1.04e-06,1.3e-07,"03 04 2019, 14_53_11"
32.673266887664795,-7.0336e-05,8.3161e-05,5.09e-08,0.0,0.0,"03 04 2019, 14_53_13"
34.38643836975098,-7.1193e-05,8.3031e-05,2.54e-08,-5.2e-07,0.0,"03 04 2019, 14_53_15"
36.09960961341858,-7.0505e-05,8.3044e-05,0.0,5.2e-07,6.5e-07,"03 04 2019, 14_53_17"
37.807780265808105,-7.0622e-05,8.294e-05,-1.017e-07,7.8e-07,0.0,"03 04 2019, 14_53_18"
39.52495217323303,-7.083e-05,8.3304e-05,-1.526e-07,0.0,0.0,"03 04 2019, 14_53_20"
41.23912334442139,-7.0401e-05,8.294e-05,5.09e-08,2.6e-07,0.0,"03 04 2019, 14_53_22"
42.94729447364807,-7.0882e-05,8.333e-05,1.017e-07,9.1e-07,2.6e-07,"03 04 2019, 14_53_23"
44.65846562385559,-7.1089e-05,8.2797e-05,-1.526e-07,3.9e-07,-5.2e-07,"03 04 2019, 14_53_25"
46.37063646316528,-7.0882e-05,8.3122e-05,2.54e-08,2.6e-07,2.6e-07,"03 04 2019, 14_53_27"
48.083807945251465,-7.0505e-05,8.281e-05,-7.63e-08,3.9e-07,-3.9e-07,"03 04 2019, 14_53_29"
49.79697918891907,-7.0778e-05,8.2511e-05,0.0,-2.6e-07,-2.6e-07,"03 04 2019, 14_53_30"
51.50815033912659,-7.0933e-05,8.3057e-05,2.035e-07,-3.9e-07,6.5e-07,"03 04 2019, 14_53_32"
53.217321157455444,-7.1024e-05,8.2745e-05,-5.09e-08,2.6e-07,-3.9e-07,"03 04 2019, 14_53_34"
54.93149256706238,-7.057e-05,8.281e-05,-5.09e-08,0.0,-1.3e-07,"03 04 2019, 14_53_35"
56.6426637172699,-7.0388e-05,8.2706e-05,-1.017e-07,1.3e-07,1.04e-06,"03 04 2019, 14_53_37"
58.35383486747742,-7.1193e-05,8.2992e-05,5.09e-08,7.8e-07,2.6e-07,"03 04 2019, 14_53_39"
60.063005685806274,-7.0933e-05,8.2836e-05,-7.63e-08,1.3e-07,-3.9e-07,"03 04 2019, 14_53_41"
61.7711763381958,-7.083e-05,8.2641e-05,-2.54e-08,5.2e-07,-2.6e-07,"03 04 2019, 14_53_42"
63.47734713554382,-7.0946e-05,8.294e-05,2.54e-08,1.3e-07,2.6e-07,"03 04 2019, 14_53_44"
65.19051861763,-7.0946e-05,8.2173e-05,-1.017e-07,3.9e-07,3.9e-07,"03 04 2019, 14_53_46"
66.8976891040802,-7.1505e-05,8.2875e-05,-1.017e-07,5.2e-07,6.5e-07,"03 04 2019, 14_53_47"
68.60986042022705,-7.105e-05,8.2654e-05,-1.017e-07,0.0,1.3e-07,"03 04 2019, 14_53_49"
70.32003116607666,-7.0739e-05,8.294e-05,-7.63e-08,6.5e-07,-1.3e-07,"03 04 2019, 14_53_51"
72.0342025756836,-7.0726e-05,8.3148e-05,-2.54e-08,1.3e-07,3.9e-07,"03 04 2019, 14_53_53"
73.74737405776978,-7.092e-05,8.2654e-05,-1.526e-07,-3.9e-07,1.3e-07,"03 04 2019, 14_53_54"
75.4585452079773,-7.0505e-05,8.2446e-05,1.017e-07,-2.6e-07,0.0,"03 04 2019, 14_53_56"
77.16671586036682,-7.0856e-05,8.2797e-05,1.272e-07,5.2e-07,0.0,"03 04 2019, 14_53_58"
78.87388682365417,-7.0856e-05,8.2459e-05,-2.289e-07,5.2e-07,3.9e-07,"03 04 2019, 14_53_59"
80.58405756950378,-7.0648e-05,8.3278e-05,-2.035e-07,-2.6e-07,-2.6e-07,"03 04 2019, 14_54_01"
82.29222846031189,-7.1453e-05,8.3135e-05,-5.09e-08,1.3e-07,1.3e-07,"03 04 2019, 14_54_03"
84.02840185165405,-7.0972e-05,8.2524e-05,0.0,5.2e-07,2.6e-07,"03 04 2019, 14_54_05"
85.73657298088074,-7.1258e-05,8.2797e-05,0.0,1.3e-07,-1.3e-07,"03 04 2019, 14_54_06"
87.44674372673035,-7.1401e-05,8.2628e-05,-7.63e-08,-1.3e-07,-2.6e-07,"03 04 2019, 14_54_08"
89.15791487693787,-7.0933e-05,8.2524e-05,5.09e-08,-2.6e-07,2.6e-07,"03 04 2019, 14_54_10"
90.87308645248413,-7.0661e-05,8.242e-05,7.63e-08,-2.6e-07,2.6e-07,"03 04 2019, 14_54_11"
92.58125710487366,-7.0998e-05,8.2745e-05,0.0,1.3e-07,-7.8e-07,"03 04 2019, 14_54_13"
94.28842806816101,-7.0908e-05,8.2875e-05,-1.272e-07,-3.9e-07,-6.5e-07,"03 04 2019, 14_54_15"
96.00459957122803,-7.0739e-05,8.2953e-05,7.63e-08,3.9e-07,3.9e-07,"03 04 2019, 14_54_17"
97.70976996421814,-7.0869e-05,8.2797e-05,0.0,-3.9e-07,-3.9e-07,"03 04 2019, 14_54_18"
99.41794085502625,-7.0959e-05,8.2407e-05,-1.526e-07,0.0,2.6e-07,"03 04 2019, 14_54_20"
101.12911200523376,-7.0843e-05,8.2433e-05,-5.09e-08,2.6e-07,-5.2e-07,"03 04 2019, 14_54_22"
102.84128308296204,-7.1284e-05,8.2342e-05,-1.526e-07,-2.6e-07,-7.8e-07,"03 04 2019, 14_54_23"
104.54945373535156,-7.0687e-05,8.2316e-05,-1.017e-07,2.6e-07,-2.6e-07,"03 04 2019, 14_54_25"
106.26262521743774,-7.0998e-05,8.2511e-05,5.09e-08,-5.2e-07,-1.3e-07,"03 04 2019, 14_54_27"
107.96979594230652,-7.1362e-05,8.2732e-05,5.09e-08,-2.6e-07,-5.2e-07,"03 04 2019, 14_54_29"
109.68296718597412,-7.0518e-05,8.281e-05,2.54e-08,0.0,-2.6e-07,"03 04 2019, 14_54_30"
111.41714072227478,-7.1388e-05,8.2472e-05,-1.272e-07,3.9e-07,3.9e-07,"03 04 2019, 14_54_32"
113.1253113746643,-7.0998e-05,8.2641e-05,-2.54e-08,-3.9e-07,-3.9e-07,"03 04 2019, 14_54_34"
114.83348226547241,-7.0752e-05,8.2316e-05,-1.272e-07,-5.2e-07,-1.3e-07,"03 04 2019, 14_54_35"
116.54665350914001,-7.1102e-05,8.2615e-05,-2.289e-07,0.0,1.3e-07,"03 04 2019, 14_54_37"
118.25482439994812,-7.1596e-05,8.2498e-05,-1.017e-07,3.9e-07,-7.8e-07,"03 04 2019, 14_54_39"
119.96799564361572,-7.0804e-05,8.2238e-05,0.0,-7.8e-07,5.2e-07,"03 04 2019, 14_54_40"
121.6751663684845,-7.0933e-05,8.2381e-05,-2.289e-07,-6.5e-07,-9.1e-07,"03 04 2019, 14_54_42"
123.39733862876892,-7.1336e-05,8.2498e-05,7.63e-08,6.5e-07,1.3e-07,"03 04 2019, 14_54_44"
125.11050987243652,-7.1089e-05,8.2355e-05,0.0,2.6e-07,2.6e-07,"03 04 2019, 14_54_46"
126.81968069076538,-7.105e-05,8.242e-05,-2.54e-08,0.0,1.3e-07,"03 04 2019, 14_54_47"
128.5308518409729,-7.1206e-05,8.2563e-05,0.0,-2.6e-07,-1.3e-07,"03 04 2019, 14_54_49"
130.24202299118042,-7.0998e-05,8.2394e-05,1.017e-07,-1.3e-07,0.0,"03 04 2019, 14_54_51"
131.95519423484802,-7.1297e-05,8.2823e-05,-1.017e-07,-3.9e-07,-5.2e-07,"03 04 2019, 14_54_52"
133.6653652191162,-7.092e-05,8.2719e-05,-1.272e-07,-7.8e-07,-1.429e-06,"03 04 2019, 14_54_54"
135.39653825759888,-7.0946e-05,8.2589e-05,-2.54e-08,-1.3e-07,-9.1e-07,"03 04 2019, 14_54_56"
137.1057093143463,-7.1661e-05,8.2667e-05,0.0,-6.5e-07,5.2e-07,"03 04 2019, 14_54_58"
138.81488037109375,-7.1206e-05,8.2745e-05,0.0,-1.04e-06,0.0,"03 04 2019, 14_54_59"
140.52805137634277,-7.118e-05,8.2212e-05,-1.526e-07,5.2e-07,-9.1e-07,"03 04 2019, 14_55_01"
142.23822236061096,-7.1245e-05,8.2342e-05,-1.017e-07,-2.6e-07,-9.1e-07,"03 04 2019, 14_55_03"
143.94739317893982,-7.1063e-05,8.216e-05,-1.017e-07,0.0,-2.6e-07,"03 04 2019, 14_55_04"
145.65656423568726,-7.1193e-05,8.2329e-05,-7.63e-08,-1.3e-07,-7.8e-07,"03 04 2019, 14_55_06"
147.3757359981537,-7.1258e-05,8.2758e-05,7.63e-08,-3.9e-07,-5.2e-07,"03 04 2019, 14_55_08"
149.09190773963928,-7.1037e-05,8.242e-05,-7.63e-08,-3.9e-07,1.3e-07,"03 04 2019, 14_55_10"
150.8000786304474,-7.1024e-05,8.2134e-05,-1.017e-07,0.0,-2.6e-07,"03 04 2019, 14_55_11"
152.510249376297,-7.1063e-05,8.2719e-05,0.0,-1.3e-07,-5.2e-07,"03 04 2019, 14_55_13"
154.2564241886139,-7.0946e-05,8.2342e-05,-7.63e-08,3.9e-07,-9.1e-07,"03 04 2019, 14_55_15"
155.96559524536133,-7.1258e-05,8.2303e-05,-5.09e-08,-1.3e-07,-5.2e-07,"03 04 2019, 14_55_16"
157.6747658252716,-7.1154e-05,8.2563e-05,1.017e-07,-3.9e-07,-3.9e-07,"03 04 2019, 14_55_18"
159.38493704795837,-7.0583e-05,8.2693e-05,2.54e-08,-5.2e-07,-7.8e-07,"03 04 2019, 14_55_20"
161.11010932922363,-7.0661e-05,8.2641e-05,0.0,-1.169e-06,-7.8e-07,"03 04 2019, 14_55_22"
162.84628295898438,-7.1037e-05,8.2355e-05,7.63e-08,0.0,-2.6e-07,"03 04 2019, 14_55_23"
164.5554540157318,-7.0453e-05,8.2602e-05,-5.09e-08,5.2e-07,-6.5e-07,"03 04 2019, 14_55_25"
166.26362466812134,-7.0972e-05,8.2056e-05,7.63e-08,0.0,-2.6e-07,"03 04 2019, 14_55_27"
167.9737958908081,-7.0933e-05,8.2498e-05,-1.272e-07,2.6e-07,-5.2e-07,"03 04 2019, 14_55_29"
169.6869671344757,-7.1102e-05,8.203e-05,0.0,-1.3e-07,-1.3e-07,"03 04 2019, 14_55_30"
171.39413785934448,-7.1245e-05,8.2043e-05,2.54e-08,5.2e-07,-3.9e-07,"03 04 2019, 14_55_32"
173.10930919647217,-7.1336e-05,8.2368e-05,0.0,1.3e-07,1.3e-07,"03 04 2019, 14_55_34"
174.81647992134094,-7.0972e-05,8.2797e-05,0.0,-9.1e-07,-7.8e-07,"03 04 2019, 14_55_35"
176.54665303230286,-7.0985e-05,8.2472e-05,-2.54e-08,-6.5e-07,-5.2e-07,"03 04 2019, 14_55_37"
178.2578239440918,-7.1401e-05,8.294e-05,2.54e-08,7.8e-07,-1.3e-07,"03 04 2019, 14_55_39"
179.99199748039246,-7.0972e-05,8.2615e-05,-5.09e-08,0.0,-6.5e-07,"03 04 2019, 14_55_41"
181.70016813278198,-7.1258e-05,8.2537e-05,2.54e-08,-1.3e-07,3.9e-07,"03 04 2019, 14_55_42"
183.41033935546875,-7.1102e-05,8.2563e-05,-1.017e-07,3.9e-07,-7.8e-07,"03 04 2019, 14_55_44"
185.11950993537903,-7.1323e-05,8.2472e-05,-5.09e-08,0.0,0.0,"03 04 2019, 14_55_46"
186.8326814174652,-7.0959e-05,8.2485e-05,-5.09e-08,2.6e-07,-3.9e-07,"03 04 2019, 14_55_47"
188.54485273361206,-7.0414e-05,8.2212e-05,-5.09e-08,1.3e-07,-7.8e-07,"03 04 2019, 14_55_49"
190.25602388381958,-7.0648e-05,8.2472e-05,-2.54e-08,-6.5e-07,-1.04e-06,"03 04 2019, 14_55_51"
191.96519470214844,-7.1063e-05,8.2381e-05,-5.09e-08,-2.6e-07,-6.5e-07,"03 04 2019, 14_55_52"
193.6773657798767,-7.0856e-05,8.2173e-05,-2.54e-08,1.3e-07,-1.299e-06,"03 04 2019, 14_55_54"
195.39953804016113,-7.0609e-05,8.2979e-05,-2.54e-08,-5.2e-07,0.0,"03 04 2019, 14_55_56"
197.1147096157074,-7.0817e-05,8.2784e-05,-1.017e-07,-2.6e-07,-1.04e-06,"03 04 2019, 14_55_58"
198.8308811187744,-7.0466e-05,8.2485e-05,1.526e-07,-2.6e-07,-3.9e-07,"03 04 2019, 14_55_59"
200.5490529537201,-7.0531e-05,8.2537e-05,-2.54e-08,-5.2e-07,-6.5e-07,"03 04 2019, 14_56_01"
202.31822967529297,-7.0427e-05,8.2329e-05,7.63e-08,2.6e-07,-6.5e-07,"03 04 2019, 14_56_03"
204.02540063858032,-7.0453e-05,8.2498e-05,1.526e-07,-1.3e-07,-2.6e-07,"03 04 2019, 14_56_05"
205.73657155036926,-7.0739e-05,8.2238e-05,7.63e-08,0.0,-2.6e-07,"03 04 2019, 14_56_06"
207.44674253463745,-7.0037e-05,8.164e-05,-5.09e-08,-7.8e-07,-5.2e-07,"03 04 2019, 14_56_08"
209.1559135913849,-7.0635e-05,8.2355e-05,-1.272e-07,0.0,-6.5e-07,"03 04 2019, 14_56_10"
210.86608457565308,-7.0102e-05,8.281e-05,-2.54e-08,0.0,-5.2e-07,"03 04 2019, 14_56_11"
212.57325506210327,-6.914e-05,8.2446e-05,-2.54e-08,-2.6e-07,-5.2e-07,"03 04 2019, 14_56_13"
214.28642654418945,-6.7919e-05,8.3525e-05,1.526e-07,-2.6e-07,-6.5e-07,"03 04 2019, 14_56_15"
215.99359726905823,-6.7685e-05,8.3434e-05,1.272e-07,-5.2e-07,-7.8e-07,"03 04 2019, 14_56_17"
217.70276808738708,-6.6866e-05,8.3499e-05,1.017e-07,-6.5e-07,-9.1e-07,"03 04 2019, 14_56_18"
219.41193914413452,-6.6308e-05,8.333e-05,-2.54e-08,-2.6e-07,1.3e-07,"03 04 2019, 14_56_20"
221.12311005592346,-6.61e-05,8.4031e-05,1.272e-07,-6.5e-07,-7.8e-07,"03 04 2019, 14_56_22"
222.8322811126709,-6.5515e-05,8.3953e-05,5.09e-08,-5.2e-07,-1.04e-06,"03 04 2019, 14_56_23"
224.54445242881775,-6.4943e-05,8.4525e-05,5.09e-08,5.2e-07,-3.9e-07,"03 04 2019, 14_56_25"
226.25362300872803,-6.4839e-05,8.4226e-05,1.526e-07,-2.6e-07,-2.6e-07,"03 04 2019, 14_56_27"
227.96779441833496,-6.4605e-05,8.4473e-05,-7.63e-08,-5.2e-07,-6.5e-07,"03 04 2019, 14_56_28"
229.67596554756165,-6.4008e-05,8.5058e-05,-1.017e-07,1.3e-07,-3.9e-07,"03 04 2019, 14_56_30"
231.3871364593506,-6.3982e-05,8.4941e-05,2.54e-08,-5.2e-07,-9.1e-07,"03 04 2019, 14_56_32"
233.09430718421936,-6.3462e-05,8.5201e-05,7.63e-08,2.6e-07,-2.6e-07,"03 04 2019, 14_56_34"
234.80347800254822,-6.3956e-05,8.5201e-05,2.54e-08,-5.2e-07,-6.5e-07,"03 04 2019, 14_56_35"
236.51564931869507,-6.3618e-05,8.6084e-05,-5.09e-08,-7.8e-07,-1.3e-07,"03 04 2019, 14_56_37"
238.2268204689026,-6.3215e-05,8.5695e-05,1.526e-07,6.5e-07,-6.5e-07,"03 04 2019, 14_56_39"
239.93399119377136,-6.3514e-05,8.5604e-05,5.09e-08,-1.3e-07,1.3e-07,"03 04 2019, 14_56_40"
241.64316177368164,-6.3111e-05,8.6292e-05,-1.017e-07,-2.6e-07,3.9e-07,"03 04 2019, 14_56_42"
243.35233283042908,-6.2397e-05,8.6344e-05,-2.54e-08,-6.5e-07,-5.2e-07,"03 04 2019, 14_56_44"
245.06750440597534,-6.3124e-05,8.6201e-05,-1.526e-07,-1.3e-07,-9.1e-07,"03 04 2019, 14_56_46"
246.77767515182495,-6.2552e-05,8.6396e-05,1.017e-07,1.3e-07,-1.04e-06,"03 04 2019, 14_56_47"
248.49084663391113,-6.3085e-05,8.6253e-05,-2.54e-08,-6.5e-07,-7.8e-07,"03 04 2019, 14_56_49"
250.21001863479614,-6.2539e-05,8.6097e-05,-1.017e-07,-6.5e-07,0.0,"03 04 2019, 14_56_51"
251.9301905632019,-6.2539e-05,8.6162e-05,-7.63e-08,3.9e-07,-2.6e-07,"03 04 2019, 14_56_52"
253.6433618068695,-6.3033e-05,8.663e-05,-5.09e-08,-2.6e-07,-3.9e-07,"03 04 2019, 14_56_54"
255.36853432655334,-6.2643e-05,8.6539e-05,0.0,-3.9e-07,-3.9e-07,"03 04 2019, 14_56_56"
257.0857059955597,-6.2786e-05,8.6357e-05,2.54e-08,-7.8e-07,3.9e-07,"03 04 2019, 14_56_58"
258.7968771457672,-6.2682e-05,8.6331e-05,-2.54e-08,-2.6e-07,-2.6e-07,"03 04 2019, 14_56_59"
260.5070481300354,-6.2189e-05,8.6656e-05,2.54e-08,-9.1e-07,-2.6e-07,"03 04 2019, 14_57_01"
262.2142188549042,-6.202e-05,8.6799e-05,-2.54e-08,-6.5e-07,-9.1e-07,"03 04 2019, 14_57_03"
263.9253897666931,-6.263e-05,8.6981e-05,2.035e-07,1.3e-07,-1.3e-07,"03 04 2019, 14_57_04"
265.63756108283997,-6.25e-05,8.6838e-05,7.63e-08,3.9e-07,-3.9e-07,"03 04 2019, 14_57_06"
267.3607335090637,-6.2799e-05,8.7228e-05,2.54e-08,-3.9e-07,-7.8e-07,"03 04 2019, 14_57_08"
269.0699043273926,-6.2319e-05,8.6747e-05,-5.09e-08,-7.8e-07,-1.429e-06,"03 04 2019, 14_57_10"
270.77707505226135,-6.241e-05,8.7306e-05,7.63e-08,-1.04e-06,-6.5e-07,"03 04 2019, 14_57_11"
272.48724603652954,-6.25e-05,8.6578e-05,-1.781e-07,-1.3e-07,-1.3e-07,"03 04 2019, 14_57_13"
274.196417093277,-6.2487e-05,8.754e-05,-5.09e-08,-5.2e-07,-9.1e-07,"03 04 2019, 14_57_15"
275.9075880050659,-6.2228e-05,8.7449e-05,-5.09e-08,-2.6e-07,-9.1e-07,"03 04 2019, 14_57_16"
277.6147587299347,-6.2306e-05,8.715e-05,-7.63e-08,-5.2e-07,-1.04e-06,"03 04 2019, 14_57_18"
279.3249297142029,-6.1773e-05,8.6916e-05,-2.54e-08,-3.9e-07,-9.1e-07,"03 04 2019, 14_57_20"
281.03710103034973,-6.2072e-05,8.7215e-05,-7.63e-08,-2.6e-07,-1.299e-06,"03 04 2019, 14_57_22"
282.74527192115784,-6.2526e-05,8.6929e-05,-1.526e-07,-1.3e-07,-1.169e-06,"03 04 2019, 14_57_23"
284.4544427394867,-6.2461e-05,8.7345e-05,0.0,-2.6e-07,-5.2e-07,"03 04 2019, 14_57_25"
286.1646137237549,-6.1994e-05,8.7046e-05,2.54e-08,-6.5e-07,-6.5e-07,"03 04 2019, 14_57_27"
287.8757846355438,-6.241e-05,8.6747e-05,1.017e-07,1.3e-07,-1.169e-06,"03 04 2019, 14_57_28"
289.59595680236816,-6.2591e-05,8.767e-05,2.54e-08,-7.8e-07,-1.169e-06,"03 04 2019, 14_57_30"
291.3071277141571,-6.2072e-05,8.6942e-05,2.54e-08,-1.3e-07,-7.8e-07,"03 04 2019, 14_57_32"
293.0182988643646,-6.2332e-05,8.7916e-05,5.09e-08,0.0,-1.04e-06,"03 04 2019, 14_57_34"
294.7254695892334,-6.2254e-05,8.728e-05,7.63e-08,-1.3e-07,-7.8e-07,"03 04 2019, 14_57_35"
296.4306402206421,-6.2215e-05,8.7423e-05,1.017e-07,-2.6e-07,-2.6e-07,"03 04 2019, 14_57_37"
298.1408112049103,-6.2474e-05,8.7527e-05,1.017e-07,-2.6e-07,-2.6e-07,"03 04 2019, 14_57_39"
299.85098218917847,-6.2059e-05,8.7955e-05,7.63e-08,-7.8e-07,-3.9e-07,"03 04 2019, 14_57_40"
301.55815291404724,-6.2332e-05,8.7748e-05,1.272e-07,3.9e-07,2.6e-07,"03 04 2019, 14_57_42"
303.26632380485535,-6.2111e-05,8.7839e-05,-2.289e-07,-1.3e-07,-7.8e-07,"03 04 2019, 14_57_44"
304.97949481010437,-6.2241e-05,8.7722e-05,0.0,1.3e-07,-1.04e-06,"03 04 2019, 14_57_46"
306.6876657009125,-6.202e-05,8.7501e-05,-5.09e-08,2.6e-07,-5.2e-07,"03 04 2019, 14_57_47"
308.395836353302,-6.1825e-05,8.728e-05,-7.63e-08,1.3e-07,-1.04e-06,"03 04 2019, 14_57_49"
310.10800766944885,-6.1864e-05,8.7683e-05,-2.54e-08,-7.8e-07,-6.5e-07,"03 04 2019, 14_57_51"
311.8171787261963,-6.2565e-05,8.7826e-05,-1.017e-07,0.0,-7.8e-07,"03 04 2019, 14_57_52"
313.52834963798523,-6.2267e-05,8.7358e-05,-1.526e-07,-6.5e-07,-2.6e-07,"03 04 2019, 14_57_54"
315.23652052879333,-6.1994e-05,8.7981e-05,2.54e-08,-5.2e-07,-6.5e-07,"03 04 2019, 14_57_56"
316.9466915130615,-6.2215e-05,8.7877e-05,-2.54e-08,0.0,-7.8e-07,"03 04 2019, 14_57_57"
318.66086292266846,-6.2072e-05,8.7683e-05,-1.272e-07,-3.9e-07,0.0,"03 04 2019, 14_57_59"
320.36903381347656,-6.2137e-05,8.7488e-05,-2.54e-08,-9.1e-07,-6.5e-07,"03 04 2019, 14_58_01"
322.0802047252655,-6.2163e-05,8.7877e-05,0.0,-3.9e-07,-7.8e-07,"03 04 2019, 14_58_03"
323.7863755226135,-6.2513e-05,8.7605e-05,2.035e-07,0.0,-1.299e-06,"03 04 2019, 14_58_04"
325.4985466003418,-6.2085e-05,8.7877e-05,-2.54e-08,-2.6e-07,-2.6e-07,"03 04 2019, 14_58_06"
327.21071791648865,-6.2137e-05,8.7851e-05,1.017e-07,-1.3e-07,-7.8e-07,"03 04 2019, 14_58_08"
328.93489027023315,-6.2241e-05,8.7903e-05,2.54e-08,0.0,-3.9e-07,"03 04 2019, 14_58_09"
330.64706158638,-6.2267e-05,8.7553e-05,0.0,-1.3e-07,-2.6e-07,"03 04 2019, 14_58_11"
332.35623240470886,-6.2111e-05,8.8046e-05,5.09e-08,-1.3e-07,-6.5e-07,"03 04 2019, 14_58_13"
334.0704038143158,-6.2436e-05,8.7605e-05,0.0,1.3e-07,-5.2e-07,"03 04 2019, 14_58_15"
335.7865753173828,-6.2319e-05,8.7683e-05,7.63e-08,-3.9e-07,-6.5e-07,"03 04 2019, 14_58_16"
337.496746301651,-6.2474e-05,8.8046e-05,2.54e-08,-3.9e-07,-5.2e-07,"03 04 2019, 14_58_18"
339.2099177837372,-6.276e-05,8.7449e-05,2.54e-08,-1.04e-06,-1.04e-06,"03 04 2019, 14_58_20"
340.9170882701874,-5.9343e-05,8.8462e-05,-5.09e-08,-1.3e-07,-9.1e-07,"03 04 2019, 14_58_21"
342.62625908851624,-5.59e-05,8.9112e-05,-2.54e-08,5.2e-07,-1.429e-06,"03 04 2019, 14_58_23"
344.34043049812317,-5.3652e-05,8.9528e-05,2.54e-08,-1.3e-07,-7.8e-07,"03 04 2019, 14_58_25"
346.05360198020935,-5.1248e-05,9.045e-05,0.0,-2.6e-07,-7.8e-07,"03 04 2019, 14_58_27"
347.76477313041687,-4.9598e-05,9.1529e-05,0.0,2.6e-07,-1.3e-07,"03 04 2019, 14_58_28"
349.4779443740845,-4.7506e-05,9.2477e-05,-7.63e-08,-2.6e-07,-6.5e-07,"03 04 2019, 14_58_30"
351.19611620903015,-4.5842e-05,9.3114e-05,-5.09e-08,-3.9e-07,-2.6e-07,"03 04 2019, 14_58_32"
352.90928745269775,-4.5076e-05,9.353e-05,7.63e-08,0.0,-2.6e-07,"03 04 2019, 14_58_33"
354.6184582710266,-4.3711e-05,9.4257e-05,-2.54e-08,-9.1e-07,-6.5e-07,"03 04 2019, 14_58_35"
356.33262968063354,-4.2984e-05,9.5037e-05,-1.017e-07,-2.6e-07,2.6e-07,"03 04 2019, 14_58_37"
358.0498015880585,-4.1684e-05,9.5414e-05,-2.54e-08,-5.2e-07,-5.2e-07,"03 04 2019, 14_58_39"
359.77497386932373,-4.1152e-05,9.557e-05,-5.09e-08,-2.6e-07,-9.1e-07,"03 04 2019, 14_58_40"
361.5171482563019,-4.0619e-05,9.6648e-05,-5.09e-08,1.3e-07,-5.2e-07,"03 04 2019, 14_58_42"
363.2633225917816,-4.0281e-05,9.7168e-05,-7.63e-08,5.2e-07,-1.559e-06,"03 04 2019, 14_58_44"
364.9784941673279,-3.9397e-05,9.7571e-05,-7.63e-08,5.2e-07,-1.299e-06,"03 04 2019, 14_58_46"
366.7146677970886,-3.8761e-05,9.7792e-05,1.017e-07,-7.8e-07,-9.1e-07,"03 04 2019, 14_58_47"
368.452841758728,-3.8553e-05,9.8325e-05,-2.54e-08,-1.3e-07,-3.9e-07,"03 04 2019, 14_58_49"
370.1840147972107,-3.7903e-05,9.8493e-05,7.63e-08,-1.3e-07,-2.6e-07,"03 04 2019, 14_58_51"
371.89118552207947,-3.7318e-05,9.9104e-05,-1.526e-07,-2.6e-07,-1.3e-07,"03 04 2019, 14_58_52"
373.61735796928406,-3.7253e-05,9.9429e-05,5.09e-08,2.6e-07,-7.8e-07,"03 04 2019, 14_58_54"
375.33352971076965,-3.7033e-05,9.9793e-05,-7.63e-08,0.0,-6.5e-07,"03 04 2019, 14_58_56"
377.0617024898529,-3.7045e-05,9.9923e-05,-1.017e-07,-1.3e-07,-3.9e-07,"03 04 2019, 14_58_58"
378.78387451171875,-3.6604e-05,0.000100066,5.09e-08,3.9e-07,-7.8e-07,"03 04 2019, 14_58_59"
380.4980459213257,-3.6591e-05,0.000100624,-2.54e-08,-5.2e-07,-3.9e-07,"03 04 2019, 14_59_01"
382.21121740341187,-3.5733e-05,0.000100261,7.63e-08,6.5e-07,-5.2e-07,"03 04 2019, 14_59_03"
383.9223885536194,-3.5798e-05,0.000101209,-1.781e-07,-1.3e-07,-1.169e-06,"03 04 2019, 14_59_04"
385.635559797287,-3.5889e-05,0.000101404,1.526e-07,1.3e-07,-9.1e-07,"03 04 2019, 14_59_06"
387.35073137283325,-3.5356e-05,0.000101469,2.54e-08,-5.2e-07,-3.9e-07,"03 04 2019, 14_59_08"
389.0639023780823,-3.5252e-05,0.000101391,1.272e-07,2.6e-07,-1.299e-06,"03 04 2019, 14_59_10"
390.77907395362854,-3.533e-05,0.000101612,2.54e-08,-2.6e-07,-1.819e-06,"03 04 2019, 14_59_11"
392.48724484443665,-3.5174e-05,0.000102145,1.017e-07,0.0,-9.1e-07,"03 04 2019, 14_59_13"
394.1964156627655,-3.5109e-05,0.000102262,7.63e-08,-6.5e-07,0.0,"03 04 2019, 14_59_15"
395.9065866470337,-3.4953e-05,0.000102015,1.781e-07,-3.9e-07,-3.9e-07,"03 04 2019, 14_59_16"
397.61575746536255,-3.4616e-05,0.000102288,5.09e-08,-3.9e-07,-3.9e-07,"03 04 2019, 14_59_18"
399.32692861557007,-3.4876e-05,0.00010269,0.0,-3.9e-07,-1.559e-06,"03 04 2019, 14_59_20"
401.0471007823944,-3.4824e-05,0.000102431,2.54e-08,2.6e-07,-3.9e-07,"03 04 2019, 14_59_22"
402.7592718601227,-3.4759e-05,0.000102755,-2.54e-08,-5.2e-07,-3.9e-07,"03 04 2019, 14_59_23"
404.4684429168701,-3.4785e-05,0.000103041,2.54e-08,-6.5e-07,-6.5e-07,"03 04 2019, 14_59_25"
406.1786136627197,-3.4369e-05,0.000103769,0.0,-1.3e-07,-6.5e-07,"03 04 2019, 14_59_27"
407.8907849788666,-3.4538e-05,0.000103691,7.63e-08,-6.5e-07,-1.04e-06,"03 04 2019, 14_59_28"
409.596955537796,-3.42e-05,0.000103379,-2.54e-08,-2.6e-07,-3.9e-07,"03 04 2019, 14_59_30"
411.31112694740295,-3.4668e-05,0.000103275,2.54e-08,-6.5e-07,-6.5e-07,"03 04 2019, 14_59_32"
413.0312991142273,-3.433e-05,0.000103925,1.017e-07,-3.9e-07,-2.6e-07,"03 04 2019, 14_59_34"
414.75747179985046,-3.4096e-05,0.000103639,5.09e-08,-2.6e-07,-6.5e-07,"03 04 2019, 14_59_35"
416.48364424705505,-3.4551e-05,0.000104016,-7.63e-08,-5.2e-07,-1.04e-06,"03 04 2019, 14_59_37"
418.1958153247833,-3.4278e-05,0.000103964,-2.54e-08,1.3e-07,-3.9e-07,"03 04 2019, 14_59_39"
419.90498638153076,-3.4304e-05,0.000104016,0.0,-1.3e-07,-6.5e-07,"03 04 2019, 14_59_40"
421.6191577911377,-3.4291e-05,0.000104003,-2.54e-08,-2.6e-07,-1.04e-06,"03 04 2019, 14_59_42"
423.3323290348053,-3.4187e-05,0.000104237,5.09e-08,1.3e-07,-1.299e-06,"03 04 2019, 14_59_44"
425.04349994659424,-3.4031e-05,0.000104471,2.54e-08,-1.3e-07,0.0,"03 04 2019, 14_59_46"
426.75467133522034,-3.4252e-05,0.000104536,7.63e-08,-1.3e-07,-2.6e-07,"03 04 2019, 14_59_47"
428.4638421535492,-3.4447e-05,0.00010438,1.017e-07,-3.9e-07,-9.1e-07,"03 04 2019, 14_59_49"
430.1740131378174,-3.4044e-05,0.000104419,7.63e-08,2.6e-07,-7.8e-07,"03 04 2019, 14_59_51"
431.8821840286255,-3.4499e-05,0.000104705,2.54e-08,-1.299e-06,-2.6e-07,"03 04 2019, 14_59_52"
433.5923547744751,-3.4239e-05,0.00010438,-1.272e-07,-3.9e-07,-6.5e-07,"03 04 2019, 14_59_54"
435.3035261631012,-3.4135e-05,0.000104821,5.09e-08,2.6e-07,-1.299e-06,"03 04 2019, 14_59_56"
437.01769757270813,-3.4109e-05,0.000104523,-2.54e-08,-9.1e-07,-7.8e-07,"03 04 2019, 14_59_58"
438.72586822509766,-3.4083e-05,0.000104847,-2.54e-08,2.6e-07,-1.3e-07,"03 04 2019, 14_59_59"
440.43903946876526,-3.42e-05,0.000105237,2.54e-08,-1.3e-07,-9.1e-07,"03 04 2019, 15_00_01"
442.1512107849121,-3.4343e-05,0.000105484,-5.09e-08,-6.5e-07,-2.6e-07,"03 04 2019, 15_00_03"
443.8643820285797,-3.4187e-05,0.000105107,1.017e-07,-1.3e-07,-3.9e-07,"03 04 2019, 15_00_04"
445.5745530128479,-3.4642e-05,0.00010525,0.0,2.6e-07,-7.8e-07,"03 04 2019, 15_00_06"
447.28872442245483,-3.4291e-05,0.000105328,7.63e-08,-3.9e-07,-1.04e-06,"03 04 2019, 15_00_08"
449.0008957386017,-3.4655e-05,0.000105692,2.035e-07,1.3e-07,-3.9e-07,"03 04 2019, 15_00_10"
450.71606707572937,-3.4473e-05,0.000105406,-2.54e-08,-1.3e-07,-1.04e-06,"03 04 2019, 15_00_11"
452.42323780059814,-3.4434e-05,0.000105445,2.54e-08,1.3e-07,-6.5e-07,"03 04 2019, 15_00_13"
454.13440895080566,-3.4707e-05,0.00010538,1.017e-07,-1.3e-07,-7.8e-07,"03 04 2019, 15_00_15"
455.8465802669525,-3.4018e-05,0.000105666,1.272e-07,3.9e-07,0.0,"03 04 2019, 15_00_16"
457.56075167655945,-3.4603e-05,0.000105497,-2.54e-08,0.0,-5.2e-07,"03 04 2019, 15_00_18"
459.27392292022705,-3.4616e-05,0.000105302,5.09e-08,-1.169e-06,-1.169e-06,"03 04 2019, 15_00_20"
460.9820935726166,-3.459e-05,0.000105575,2.54e-08,-5.2e-07,1.3e-07,"03 04 2019, 15_00_22"
462.6932647228241,-3.4512e-05,0.000105341,1.017e-07,2.6e-07,1.3e-07,"03 04 2019, 15_00_23"
464.40243554115295,-3.5356e-05,0.000105705,1.526e-07,-1.3e-07,-1.299e-06,"03 04 2019, 15_00_25"
466.1226077079773,-3.8488e-05,0.000104679,-5.09e-08,-3.9e-07,-1.04e-06,"03 04 2019, 15_00_27"
467.84577989578247,-4.2633e-05,0.000104016,-2.54e-08,0.0,-9.1e-07,"03 04 2019, 15_00_28"
469.5549509525299,-4.6427e-05,0.000102963,2.54e-08,-3.9e-07,-1.299e-06,"03 04 2019, 15_00_30"
471.2701222896576,-4.9234e-05,0.000102742,-1.017e-07,3.9e-07,-1.169e-06,"03 04 2019, 15_00_32"
473.02029728889465,-5.1664e-05,0.000101313,-2.54e-08,-3.9e-07,-2.6e-07,"03 04 2019, 15_00_34"
474.7724726200104,-5.46e-05,0.000100469,7.63e-08,5.2e-07,-6.5e-07,"03 04 2019, 15_00_35"
476.49264454841614,-5.6406e-05,9.9429e-05,2.54e-08,-2.6e-07,-1.3e-07,"03 04 2019, 15_00_37"
478.2338185310364,-5.8148e-05,9.874e-05,0.0,-3.9e-07,-2.6e-07,"03 04 2019, 15_00_39"
479.9459898471832,-5.9707e-05,9.8065e-05,1.272e-07,1.3e-07,-7.8e-07,"03 04 2019, 15_00_40"
481.65216040611267,-6.0837e-05,9.722e-05,-5.09e-08,-2.6e-07,-1.299e-06,"03 04 2019, 15_00_42"
483.3653316497803,-6.1825e-05,9.6375e-05,-2.54e-08,-3.9e-07,-3.9e-07,"03 04 2019, 15_00_44"
485.0775029659271,-6.2916e-05,9.5661e-05,-7.63e-08,3.9e-07,-7.8e-07,"03 04 2019, 15_00_46"
486.7876739501953,-6.4554e-05,9.5063e-05,2.54e-08,-6.5e-07,-7.8e-07,"03 04 2019, 15_00_47"
488.49684476852417,-6.4787e-05,9.4504e-05,2.54e-08,-1.3e-07,-2.6e-07,"03 04 2019, 15_00_49"
490.2080159187317,-6.5619e-05,9.3777e-05,-7.63e-08,6.5e-07,-1.3e-07,"03 04 2019, 15_00_51"
491.92118740081787,-6.6788e-05,9.3413e-05,-1.272e-07,-3.9e-07,-1.04e-06,"03 04 2019, 15_00_52"
493.6373589038849,-6.7022e-05,9.2945e-05,1.781e-07,-7.8e-07,-3.9e-07,"03 04 2019, 15_00_54"
495.3515303134918,-6.7555e-05,9.201e-05,1.017e-07,1.3e-07,-3.9e-07,"03 04 2019, 15_00_56"
497.06170105934143,-6.8127e-05,9.2399e-05,1.526e-07,-1.3e-07,-5.2e-07,"03 04 2019, 15_00_58"
498.77087211608887,-6.8413e-05,9.2036e-05,-7.63e-08,2.6e-07,-7.8e-07,"03 04 2019, 15_00_59"
500.4830434322357,-6.8854e-05,9.1009e-05,-5.09e-08,-2.6e-07,-6.5e-07,"03 04 2019, 15_01_01"
502.19121408462524,-6.9231e-05,9.084e-05,-5.09e-08,1.3e-07,-1.169e-06,"03 04 2019, 15_01_03"
503.90238523483276,-7.005e-05,9.0892e-05,2.54e-08,1.3e-07,-2.6e-07,"03 04 2019, 15_01_04"
505.62055706977844,-7.0193e-05,8.9502e-05,0.0,-2.6e-07,-6.5e-07,"03 04 2019, 15_01_06"
507.3297278881073,-7.0972e-05,8.9463e-05,-7.63e-08,-1.3e-07,-1.3e-07,"03 04 2019, 15_01_08"
509.0539002418518,-7.0869e-05,8.9632e-05,-7.63e-08,1.3e-07,-7.8e-07,"03 04 2019, 15_01_10"
510.77407240867615,-7.0557e-05,8.9177e-05,-5.09e-08,-3.9e-07,-9.1e-07,"03 04 2019, 15_01_11"
512.4862434864044,-7.1557e-05,8.9398e-05,-7.63e-08,-1.3e-07,-1.04e-06,"03 04 2019, 15_01_13"
514.1954145431519,-7.1492e-05,8.9398e-05,-1.017e-07,-5.2e-07,-9.1e-07,"03 04 2019, 15_01_15"
515.9065856933594,-7.183e-05,8.854e-05,0.0,2.6e-07,-3.9e-07,"03 04 2019, 15_01_16"
517.6137561798096,-7.2558e-05,8.8254e-05,7.63e-08,0.0,-2.6e-07,"03 04 2019, 15_01_18"
519.3219268321991,-7.2246e-05,8.8267e-05,7.63e-08,2.6e-07,-1.299e-06,"03 04 2019, 15_01_20"
521.0410990715027,-7.2675e-05,8.7787e-05,-5.09e-08,-2.6e-07,-1.169e-06,"03 04 2019, 15_01_22"
522.7512698173523,-7.2883e-05,8.7774e-05,2.54e-08,-2.6e-07,-9.1e-07,"03 04 2019, 15_01_23"
524.4674415588379,-7.2571e-05,8.7332e-05,-7.63e-08,-1.3e-07,-1.299e-06,"03 04 2019, 15_01_25"
526.1746122837067,-7.3038e-05,8.7657e-05,-7.63e-08,6.5e-07,-7.8e-07,"03 04 2019, 15_01_27"
527.8857831954956,-7.2805e-05,8.7072e-05,-1.526e-07,-6.5e-07,-7.8e-07,"03 04 2019, 15_01_28"
529.594954252243,-7.3181e-05,8.7735e-05,-5.09e-08,1.3e-07,-3.9e-07,"03 04 2019, 15_01_30"
531.3021249771118,-7.3584e-05,8.7007e-05,1.017e-07,-1.3e-07,-1.949e-06,"03 04 2019, 15_01_32"
533.01229596138,-7.3636e-05,8.7332e-05,5.09e-08,-5.2e-07,-3.9e-07,"03 04 2019, 15_01_34"
534.7254672050476,-7.3454e-05,8.6929e-05,0.0,-2.6e-07,-5.2e-07,"03 04 2019, 15_01_35"
536.4366383552551,-7.3363e-05,8.7085e-05,2.54e-08,-1.3e-07,-2.6e-07,"03 04 2019, 15_01_37"
538.1508097648621,-7.3467e-05,8.6552e-05,1.781e-07,6.5e-07,-1.169e-06,"03 04 2019, 15_01_39"
539.8609807491302,-7.3623e-05,8.6357e-05,2.54e-08,-3.9e-07,-1.169e-06,"03 04 2019, 15_01_40"
541.5701515674591,-7.3298e-05,8.6435e-05,-7.63e-08,-7.8e-07,-5.2e-07,"03 04 2019, 15_01_42"
543.2763223648071,-7.3987e-05,8.6253e-05,1.017e-07,-6.5e-07,0.0,"03 04 2019, 15_01_44"
544.9824929237366,-7.3675e-05,8.6344e-05,-7.63e-08,0.0,-2.6e-07,"03 04 2019, 15_01_46"
546.6896634101868,-7.3935e-05,8.5954e-05,2.54e-08,-1.3e-07,-6.5e-07,"03 04 2019, 15_01_47"
548.3968343734741,-7.3922e-05,8.5941e-05,0.0,-3.9e-07,-6.5e-07,"03 04 2019, 15_01_49"
550.1050050258636,-7.3792e-05,8.5824e-05,1.526e-07,-2.6e-07,-1.429e-06,"03 04 2019, 15_01_51"
551.8171763420105,-7.4169e-05,8.5837e-05,7.63e-08,3.9e-07,-1.299e-06,"03 04 2019, 15_01_52"
553.5253469944,-7.3714e-05,8.6058e-05,-1.272e-07,-1.3e-07,-1.299e-06,"03 04 2019, 15_01_54"
555.2365181446075,-7.4182e-05,8.5565e-05,2.54e-08,3.9e-07,-6.5e-07,"03 04 2019, 15_01_56"
556.9446887969971,-7.3584e-05,8.5772e-05,1.272e-07,-2.6e-07,-1.3e-07,"03 04 2019, 15_01_57"
558.6528596878052,-7.426e-05,8.55e-05,-5.09e-08,2.6e-07,-6.5e-07,"03 04 2019, 15_01_59"
560.3580303192139,-7.3857e-05,8.5357e-05,-7.63e-08,2.6e-07,-2.6e-07,"03 04 2019, 15_02_01"
562.068201303482,-7.4143e-05,8.5266e-05,-5.09e-08,-6.5e-07,-1.169e-06,"03 04 2019, 15_02_03"
563.779372215271,-7.3935e-05,8.5344e-05,5.09e-08,-7.8e-07,-1.819e-06,"03 04 2019, 15_02_04"
565.4885432720184,-7.3662e-05,8.5344e-05,5.09e-08,1.3e-07,-6.5e-07,"03 04 2019, 15_02_06"
567.199714422226,-7.4039e-05,8.5565e-05,-1.017e-07,-5.2e-07,-1.04e-06,"03 04 2019, 15_02_08"
568.9108853340149,-7.3558e-05,8.5578e-05,1.526e-07,-1.169e-06,-3.9e-07,"03 04 2019, 15_02_09"
570.6230566501617,-7.3805e-05,8.5798e-05,-2.54e-08,-3.9e-07,-3.9e-07,"03 04 2019, 15_02_11"
572.3712315559387,-7.3493e-05,8.5798e-05,-5.09e-08,1.3e-07,-2.6e-07,"03 04 2019, 15_02_13"
574.0794022083282,-7.3805e-05,8.6071e-05,2.54e-08,5.2e-07,-6.5e-07,"03 04 2019, 15_02_15"
575.7855727672577,-7.3532e-05,8.5876e-05,-2.54e-08,2.6e-07,1.3e-07,"03 04 2019, 15_02_16"
577.4947438240051,-7.4299e-05,8.5448e-05,2.035e-07,-7.8e-07,-5.2e-07,"03 04 2019, 15_02_18"
579.2159156799316,-7.3389e-05,8.5487e-05,7.63e-08,2.6e-07,-9.1e-07,"03 04 2019, 15_02_20"
580.936087846756,-7.4091e-05,8.5811e-05,-2.54e-08,-2.6e-07,-1.559e-06,"03 04 2019, 15_02_21"
582.6472589969635,-7.3532e-05,8.5837e-05,2.54e-08,-5.2e-07,-9.1e-07,"03 04 2019, 15_02_23"
584.3544297218323,-7.3805e-05,8.5604e-05,2.54e-08,-5.2e-07,-7.8e-07,"03 04 2019, 15_02_25"
586.0636005401611,-7.3311e-05,8.5318e-05,1.526e-07,5.2e-07,-5.2e-07,"03 04 2019, 15_02_27"
587.7767717838287,-7.3207e-05,8.5474e-05,1.272e-07,-1.04e-06,0.0,"03 04 2019, 15_02_28"
589.4859428405762,-7.3714e-05,8.5682e-05,-5.09e-08,0.0,-1.299e-06,"03 04 2019, 15_02_30"
591.195113658905,-7.3597e-05,8.5084e-05,-7.63e-08,0.0,-1.429e-06,"03 04 2019, 15_02_32"
592.9082849025726,-7.3181e-05,8.5772e-05,1.272e-07,-5.2e-07,-9.1e-07,"03 04 2019, 15_02_33"
594.6204562187195,-7.3597e-05,8.5643e-05,-1.017e-07,-9.1e-07,-2.6e-07,"03 04 2019, 15_02_35"
596.3406281471252,-7.3935e-05,8.5552e-05,7.63e-08,-1.3e-07,-1.04e-06,"03 04 2019, 15_02_37"
598.0487990379333,-7.3597e-05,8.5201e-05,-2.54e-08,-6.5e-07,-5.2e-07,"03 04 2019, 15_02_39"
599.7579698562622,-7.3337e-05,8.524e-05,-7.63e-08,-2.6e-07,-6.5e-07,"03 04 2019, 15_02_40"
601.465140581131,-7.3857e-05,8.5305e-05,5.09e-08,-2.6e-07,-1.3e-07,"03 04 2019, 15_02_42"
603.1773116588593,-7.3467e-05,8.5097e-05,-7.63e-08,3.9e-07,-6.5e-07,"03 04 2019, 15_02_44"
604.8864827156067,-7.3506e-05,8.5526e-05,-1.017e-07,0.0,-1.559e-06,"03 04 2019, 15_02_45"
606.5976538658142,-7.3649e-05,8.4824e-05,2.54e-08,-3.9e-07,-6.5e-07,"03 04 2019, 15_02_47"
608.3068246841431,-7.3324e-05,8.5305e-05,-7.63e-08,-5.2e-07,-1.299e-06,"03 04 2019, 15_02_49"
610.0149955749512,-7.3532e-05,8.5539e-05,0.0,1.3e-07,-9.1e-07,"03 04 2019, 15_02_51"
611.7231662273407,-7.3545e-05,8.498e-05,7.63e-08,-1.3e-07,-7.8e-07,"03 04 2019, 15_02_52"
613.4423379898071,-7.3558e-05,8.5019e-05,-1.017e-07,-9.1e-07,-6.5e-07,"03 04 2019, 15_02_54"
615.1535091400146,-7.3389e-05,8.498e-05,-2.54e-08,-6.5e-07,-2.6e-07,"03 04 2019, 15_02_56"
616.8646805286407,-7.3883e-05,8.5019e-05,2.54e-08,-2.6e-07,-5.2e-07,"03 04 2019, 15_02_57"
618.5748512744904,-7.3467e-05,8.4863e-05,-5.09e-08,-5.2e-07,-6.5e-07,"03 04 2019, 15_02_59"
620.2860224246979,-7.3519e-05,8.4811e-05,1.017e-07,2.6e-07,-7.8e-07,"03 04 2019, 15_03_01"
621.9931931495667,-7.3623e-05,8.4603e-05,0.0,-2.6e-07,-6.5e-07,"03 04 2019, 15_03_03"
623.7023642063141,-7.3441e-05,8.4629e-05,5.09e-08,-1.169e-06,-3.9e-07,"03 04 2019, 15_03_04"
625.413535118103,-7.3727e-05,8.5058e-05,7.63e-08,-2.6e-07,-7.8e-07,"03 04 2019, 15_03_06"
627.1267063617706,-7.3454e-05,8.4941e-05,5.09e-08,1.3e-07,-5.2e-07,"03 04 2019, 15_03_08"
628.8368775844574,-7.3779e-05,8.4798e-05,2.54e-08,0.0,-1.169e-06,"03 04 2019, 15_03_09"
630.550048828125,-7.3623e-05,8.4356e-05,7.63e-08,0.0,-1.3e-07,"03 04 2019, 15_03_11"
632.2552192211151,-7.3883e-05,8.4733e-05,-7.63e-08,3.9e-07,-6.5e-07,"03 04 2019, 15_03_13"
633.967390537262,-7.3792e-05,8.4694e-05,2.54e-08,2.6e-07,-5.2e-07,"03 04 2019, 15_03_14"
635.6805617809296,-7.348e-05,8.459e-05,0.0,1.3e-07,-6.5e-07,"03 04 2019, 15_03_16"
637.3937330245972,-7.3506e-05,8.4499e-05,1.272e-07,-6.5e-07,-7.8e-07,"03 04 2019, 15_03_18"
639.1029040813446,-7.3545e-05,8.4135e-05,-1.017e-07,-1.3e-07,-5.2e-07,"03 04 2019, 15_03_20"
640.8120746612549,-7.3506e-05,8.4174e-05,0.0,-7.8e-07,-1.429e-06,"03 04 2019, 15_03_21"
642.5192456245422,-7.3714e-05,8.4369e-05,0.0,0.0,-1.169e-06,"03 04 2019, 15_03_23"
644.2294163703918,-7.335e-05,8.472e-05,-2.54e-08,1.3e-07,-9.1e-07,"03 04 2019, 15_03_25"
645.9395875930786,-7.3805e-05,8.407e-05,-1.526e-07,-2.6e-07,-1.04e-06,"03 04 2019, 15_03_26"
647.6497585773468,-7.3662e-05,8.42e-05,1.272e-07,-3.9e-07,-1.169e-06,"03 04 2019, 15_03_28"
649.3569293022156,-7.3987e-05,8.4174e-05,5.09e-08,-7.8e-07,-3.9e-07,"03 04 2019, 15_03_30"
651.0640997886658,-7.348e-05,8.4499e-05,-5.09e-08,-7.8e-07,-3.9e-07,"03 04 2019, 15_03_32"
652.777271270752,-6.9543e-05,0.000107732,1.017e-07,0.0,-1.299e-06,"03 04 2019, 15_03_33"
654.4894425868988,0.000293947,0.000471261,7.63e-08,-3.9e-07,-1.169e-06,"03 04 2019, 15_03_35"
656.1996133327484,0.000919368,0.001058155,5.09e-08,0.0,-7.8e-07,"03 04 2019, 15_03_37"
657.9137847423553,0.001516903,0.001661928,-7.63e-08,-9.1e-07,-5.2e-07,"03 04 2019, 15_03_38"
659.6259560585022,0.002022261,0.002208179,5.09e-08,1.3e-07,-1.04e-06,"03 04 2019, 15_03_40"
661.338127374649,0.002431842,0.002675685,-1.017e-07,0.0,-2.6e-07,"03 04 2019, 15_03_42"
663.0612995624542,0.002750413,0.003061369,5.09e-08,2.6e-07,-7.8e-07,"03 04 2019, 15_03_44"
664.7704703807831,0.002988434,0.003359318,1.272e-07,-1.3e-07,-6.5e-07,"03 04 2019, 15_03_45"
666.4786412715912,0.00315091,0.003579382,-1.272e-07,-3.9e-07,-5.2e-07,"03 04 2019, 15_03_47"
668.18781208992,0.003245388,0.003720625,-7.63e-08,-3.9e-07,-9.1e-07,"03 04 2019, 15_03_49"
669.8939826488495,0.003088357,0.003602095,-1.017e-07,-1.3e-07,-7.8e-07,"03 04 2019, 15_03_50"
671.6071538925171,0.002734742,0.003322545,5.09e-08,1.299e-06,-7.8e-07,"03 04 2019, 15_03_52"
673.3153250217438,0.002409103,0.003027611,-2.54e-08,1.3e-07,-6.5e-07,"03 04 2019, 15_03_54"
675.0284960269928,0.002111388,0.002737432,5.09e-08,-3.9e-07,-9.1e-07,"03 04 2019, 15_03_56"
676.7376670837402,0.001833083,0.002456271,1.017e-07,6.5e-07,-1.169e-06,"03 04 2019, 15_03_57"
678.4508383274078,0.001571984,0.002187558,2.54e-08,-6.5e-07,-1.689e-06,"03 04 2019, 15_03_59"
680.1630096435547,0.001324724,0.001933175,-7.63e-08,3.9e-07,-1.169e-06,"03 04 2019, 15_04_01"
681.8951828479767,0.001091445,0.001691515,1.017e-07,-3.9e-07,-5.2e-07,"03 04 2019, 15_04_02"
683.6333565711975,0.000868328,0.001461511,-7.63e-08,5.2e-07,-1.689e-06,"03 04 2019, 15_04_04"
685.3685300350189,0.000656866,0.001243097,5.09e-08,5.2e-07,-7.8e-07,"03 04 2019, 15_04_06"
687.1237056255341,0.000458501,0.001042173,2.54e-08,-3.9e-07,-9.1e-07,"03 04 2019, 15_04_08"
688.8808810710907,0.000270077,0.000850617,-5.09e-08,9.1e-07,-3.9e-07,"03 04 2019, 15_04_09"
690.6040534973145,9.2815e-05,0.00067021,0.0,-2.6e-07,-6.5e-07,"03 04 2019, 15_04_11"
692.3162248134613,-7.0427e-05,0.000506982,1.017e-07,-5.2e-07,-3.9e-07,"03 04 2019, 15_04_13"
694.0453977584839,-0.00022174,0.000353732,-7.63e-08,3.9e-07,-7.8e-07,"03 04 2019, 15_04_15"
695.7645695209503,-0.000365582,0.000210643,-1.017e-07,2.6e-07,-1.169e-06,"03 04 2019, 15_04_16"
697.4937422275543,-0.000498808,7.7989e-05,7.63e-08,-3.9e-07,-1.299e-06,"03 04 2019, 15_04_18"
699.227915763855,-0.000624901,-4.7129e-05,2.54e-08,-1.3e-07,-2.469e-06,"03 04 2019, 15_04_20"
700.9960927963257,-0.000742248,-0.000163073,0.0,-7.8e-07,-9.1e-07,"03 04 2019, 15_04_22"
702.7172646522522,-0.000854281,-0.000273183,-2.54e-08,0.0,-5.2e-07,"03 04 2019, 15_04_23"
704.424435377121,-0.000955478,-0.00037308,-7.63e-08,-3.9e-07,-6.5e-07,"03 04 2019, 15_04_25"
706.1316061019897,-0.001049477,-0.000466558,1.017e-07,-6.5e-07,-1.3e-07,"03 04 2019, 15_04_27"
707.8377766609192,-0.001138836,-0.000552967,-2.54e-08,-6.5e-07,-3.9e-07,"03 04 2019, 15_04_28"
709.5439472198486,-0.001221165,-0.00063375,-5.09e-08,-3.9e-07,-6.5e-07,"03 04 2019, 15_04_30"
711.251118183136,-0.001298492,-0.000708984,5.09e-08,0.0,-5.2e-07,"03 04 2019, 15_04_32"
712.9632892608643,-0.001370789,-0.000778852,1.272e-07,2.6e-07,-6.5e-07,"03 04 2019, 15_04_33"
714.6774606704712,-0.001438682,-0.000845537,-5.09e-08,6.5e-07,-9.1e-07,"03 04 2019, 15_04_35"
716.3916320800781,-0.001501833,-0.000906517,-7.63e-08,0.0,-1.169e-06,"03 04 2019, 15_04_37"
718.1028032302856,-0.001561903,-0.000963859,0.0,2.6e-07,-3.9e-07,"03 04 2019, 15_04_39"
719.8139743804932,-0.001617192,-0.001017213,-5.09e-08,-1.559e-06,-5.2e-07,"03 04 2019, 15_04_40"
721.5201449394226,-0.001669038,-0.001067071,0.0,-1.3e-07,-3.9e-07,"03 04 2019, 15_04_42"
723.2343163490295,-0.001718037,-0.001113394,1.781e-07,-2.6e-07,-5.2e-07,"03 04 2019, 15_04_44"
724.9434871673584,-0.001763451,-0.001157157,-2.54e-08,3.9e-07,-1.169e-06,"03 04 2019, 15_04_45"
726.6556582450867,-0.001806084,-0.001197464,5.09e-08,-1.3e-07,-5.2e-07,"03 04 2019, 15_04_47"
728.3668293952942,-0.001845689,-0.001235614,1.272e-07,5.2e-07,-9.1e-07,"03 04 2019, 15_04_49"
730.0850012302399,-0.001883878,-0.001271153,0.0,2.6e-07,-1.3e-07,"03 04 2019, 15_04_51"
731.7951724529266,-0.001919221,-0.001304404,2.54e-08,-1.3e-07,-5.2e-07,"03 04 2019, 15_04_52"
733.5153441429138,-0.001951836,-0.001335225,0.0,0.0,-6.5e-07,"03 04 2019, 15_04_54"
735.2395167350769,-0.00198293,-0.00136476,7.63e-08,-1.3e-07,-1.04e-06,"03 04 2019, 15_04_56"
736.9586884975433,-0.002012296,-0.001391956,7.63e-08,-5.2e-07,-6.5e-07,"03 04 2019, 15_04_57"
738.6678595542908,-0.002039962,-0.001417671,-5.09e-08,-1.3e-07,-5.2e-07,"03 04 2019, 15_04_59"
740.3790304660797,-0.00206504,-0.001441489,-7.63e-08,-1.3e-07,-5.2e-07,"03 04 2019, 15_05_01"
742.0872013568878,-0.002088949,-0.001463566,2.54e-08,1.3e-07,1.3e-07,"03 04 2019, 15_05_03"
743.8013727664948,-0.002111351,-0.001484551,-2.54e-08,3.9e-07,0.0,"03 04 2019, 15_05_04"
745.5075433254242,-0.002132349,-0.001503873,-2.54e-08,-1.3e-07,-1.169e-06,"03 04 2019, 15_05_06"
747.2187144756317,-0.002152632,-0.001521908,-7.63e-08,2.6e-07,-1.04e-06,"03 04 2019, 15_05_08"
748.9288854598999,-0.002171291,-0.001538709,1.017e-07,3.9e-07,-3.9e-07,"03 04 2019, 15_05_09"
750.6430568695068,-0.002188703,-0.001554666,1.017e-07,3.9e-07,-5.2e-07,"03 04 2019, 15_05_11"
752.3512277603149,-0.002205218,-0.001569518,-5.09e-08,5.2e-07,-3.9e-07,"03 04 2019, 15_05_13"
754.0613985061646,-0.002220642,-0.001583434,2.54e-08,-2.6e-07,-7.8e-07,"03 04 2019, 15_05_15"
755.7755699157715,-0.002235104,-0.001596558,1.526e-07,-1.3e-07,-6.5e-07,"03 04 2019, 15_05_16"
757.4847409725189,-0.002248917,-0.001608408,1.272e-07,2.6e-07,-7.8e-07,"03 04 2019, 15_05_18"
759.1949119567871,-0.002262105,-0.001619791,-2.54e-08,1.3e-07,-7.8e-07,"03 04 2019, 15_05_20"
760.9130835533142,-0.002273956,-0.00163068,2.54e-08,-2.6e-07,-1.689e-06,"03 04 2019, 15_05_21"
762.6512575149536,-0.002285286,-0.001640451,-1.526e-07,-6.5e-07,-7.8e-07,"03 04 2019, 15_05_23"
764.3644287586212,-0.00229637,-0.001650287,0.0,-2.6e-07,-5.2e-07,"03 04 2019, 15_05_25"
766.0796003341675,-0.002306414,-0.001658707,1.017e-07,-5.2e-07,-1.169e-06,"03 04 2019, 15_05_27"
767.7877712249756,-0.002315991,-0.001666387,1.526e-07,-2.6e-07,1.3e-07,"03 04 2019, 15_05_28"
769.4959418773651,-0.002324541,-0.001674846,0.0,-6.5e-07,-2.6e-07,"03 04 2019, 15_05_30"
771.208113193512,-0.002333221,-0.00168107,1.272e-07,-1.3e-07,-3.9e-07,"03 04 2019, 15_05_32"
772.9172840118408,-0.002341056,-0.001687918,5.09e-08,-6.5e-07,-7.8e-07,"03 04 2019, 15_05_33"
774.6284551620483,-0.002348476,-0.001694337,-7.63e-08,-5.2e-07,-1.04e-06,"03 04 2019, 15_05_35"
776.3426265716553,-0.002355336,-0.001700015,5.09e-08,-3.9e-07,-7.8e-07,"03 04 2019, 15_05_37"
778.0587980747223,-0.002362054,-0.001705446,2.54e-08,-5.2e-07,-2.6e-07,"03 04 2019, 15_05_39"
779.7689692974091,-0.002368434,-0.001709734,-2.54e-08,-1.3e-07,-1.04e-06,"03 04 2019, 15_05_40"
781.4781401157379,-0.002374086,-0.001714321,-5.09e-08,-6.5e-07,-9.1e-07,"03 04 2019, 15_05_42"
783.1953115463257,-0.002379661,-0.001718908,1.526e-07,-3.9e-07,-3.9e-07,"03 04 2019, 15_05_44"
784.900482416153,-0.002384793,-0.001722845,-1.017e-07,-1.3e-07,-9.1e-07,"03 04 2019, 15_05_45"
786.6156537532806,-0.002389718,-0.001725977,2.54e-08,2.6e-07,-7.8e-07,"03 04 2019, 15_05_47"
788.329824924469,-0.00239385,-0.001729277,1.017e-07,1.3e-07,-5.2e-07,"03 04 2019, 15_05_49"
790.0399961471558,-0.002398398,-0.001731915,-1.017e-07,1.3e-07,-2.6e-07,"03 04 2019, 15_05_51"
791.7531673908234,-0.002402491,-0.001734851,0.0,-7.8e-07,-2.6e-07,"03 04 2019, 15_05_52"
793.4673388004303,-0.002406532,-0.001737424,-1.272e-07,0.0,-2.6e-07,"03 04 2019, 15_05_54"
795.1795101165771,-0.002410015,-0.001739984,0.0,-3.9e-07,-6.5e-07,"03 04 2019, 15_05_56"
796.8946816921234,-0.002413172,-0.001742102,-2.54e-08,-2.6e-07,-6.5e-07,"03 04 2019, 15_05_57"
798.6038525104523,-0.002416953,-0.001743999,5.09e-08,-1.04e-06,-1.3e-07,"03 04 2019, 15_05_59"
800.3150236606598,-0.002419409,-0.001746104,1.781e-07,1.3e-07,-5.2e-07,"03 04 2019, 15_06_01"
802.0241944789886,-0.002422229,-0.001747144,0.0,1.3e-07,-6.5e-07,"03 04 2019, 15_06_03"
803.7383658885956,-0.002424879,-0.001748742,-5.09e-08,-1.3e-07,-1.04e-06,"03 04 2019, 15_06_04"
805.4475367069244,-0.002427413,-0.001749807,0.0,-1.3e-07,-2.6e-07,"03 04 2019, 15_06_06"
807.1597080230713,-0.002429596,-0.001751055,-2.54e-08,-3.9e-07,-1.3e-07,"03 04 2019, 15_06_08"
808.8738791942596,-0.00243161,-0.001751964,-1.017e-07,-2.6e-07,-1.169e-06,"03 04 2019, 15_06_09"
810.5860505104065,-0.002433858,-0.001753316,5.09e-08,-5.2e-07,-1.169e-06,"03 04 2019, 15_06_11"
812.2942214012146,-0.002435482,-0.001753874,2.54e-08,1.3e-07,-5.2e-07,"03 04 2019, 15_06_13"
814.0053923130035,-0.002437328,-0.001754537,5.09e-08,1.3e-07,-5.2e-07,"03 04 2019, 15_06_15"
815.7135632038116,-0.002439121,-0.001754277,2.54e-08,-1.3e-07,-7.8e-07,"03 04 2019, 15_06_16"
817.4227340221405,-0.002440485,-0.001755213,2.54e-08,-1.04e-06,-5.2e-07,"03 04 2019, 15_06_18"
819.1299049854279,-0.00244172,-0.001756213,0.0,3.9e-07,-6.5e-07,"03 04 2019, 15_06_20"
820.8440763950348,-0.002443656,-0.001756304,1.017e-07,1.3e-07,-6.5e-07,"03 04 2019, 15_06_21"
822.5542471408844,-0.002444487,-0.001756291,-7.63e-08,-7.8e-07,-1.299e-06,"03 04 2019, 15_06_23"
824.2654182910919,-0.002445839,-0.001756499,5.09e-08,5.2e-07,-7.8e-07,"03 04 2019, 15_06_25"
825.9725890159607,-0.002446904,-0.001756291,5.09e-08,0.0,-3.9e-07,"03 04 2019, 15_06_27"
827.6847603321075,-0.002447528,-0.001756057,1.781e-07,1.3e-07,-2.6e-07,"03 04 2019, 15_06_28"
829.3979315757751,-0.00244884,-0.001756395,-5.09e-08,1.3e-07,-6.5e-07,"03 04 2019, 15_06_30"
831.107102394104,-0.002449516,-0.001756109,5.09e-08,-1.3e-07,-7.8e-07,"03 04 2019, 15_06_32"
832.8182735443115,-0.002450347,-0.001756395,2.54e-08,-3.9e-07,-6.5e-07,"03 04 2019, 15_06_33"
834.5254442691803,-0.002451257,-0.001755992,1.526e-07,-1.04e-06,-7.8e-07,"03 04 2019, 15_06_35"
836.2326149940491,-0.002451686,-0.001755746,5.09e-08,-5.2e-07,2.6e-07,"03 04 2019, 15_06_37"
837.943785905838,-0.002452517,-0.001755031,-5.09e-08,-2.6e-07,-9.1e-07,"03 04 2019, 15_06_38"
839.6549570560455,-0.00245231,-0.001754251,1.017e-07,3.9e-07,-7.8e-07,"03 04 2019, 15_06_40"
841.364128112793,-0.002453817,-0.001754277,0.0,-6.5e-07,-6.5e-07,"03 04 2019, 15_06_42"
843.0712988376617,-0.002453895,-0.00175368,1.017e-07,3.9e-07,-1.3e-07,"03 04 2019, 15_06_44"
844.7814695835114,-0.002454116,-0.001753745,-5.09e-08,-6.5e-07,-1.169e-06,"03 04 2019, 15_06_45"
846.4886405467987,-0.002454752,-0.001752341,2.54e-08,0.0,-1.299e-06,"03 04 2019, 15_06_47"
848.1958110332489,-0.00245483,-0.001751834,-1.017e-07,-2.6e-07,-2.6e-07,"03 04 2019, 15_06_49"
849.9049820899963,-0.002454765,-0.001751016,-2.54e-08,-3.9e-07,-2.6e-07,"03 04 2019, 15_06_50"
851.6201536655426,-0.002455701,-0.001750171,-7.63e-08,1.3e-07,-6.5e-07,"03 04 2019, 15_06_52"
853.3293244838715,-0.00245535,-0.001749924,1.017e-07,-1.3e-07,-9.1e-07,"03 04 2019, 15_06_54"
855.0374953746796,-0.002455649,-0.001749496,-7.63e-08,3.9e-07,-1.559e-06,"03 04 2019, 15_06_56"
856.7526667118073,-0.002455805,-0.001748898,2.54e-08,0.0,-5.2e-07,"03 04 2019, 15_06_57"
858.459837436676,-0.00245574,-0.001747417,-5.09e-08,1.3e-07,-2.6e-07,"03 04 2019, 15_06_59"
860.1690084934235,-0.002456429,-0.00174665,2.54e-08,-1.3e-07,0.0,"03 04 2019, 15_07_01"
861.8821794986725,-0.00245626,-0.001745376,1.017e-07,-1.3e-07,0.0,"03 04 2019, 15_07_02"
863.5943508148193,-0.002456039,-0.001744987,2.54e-08,5.2e-07,-1.3e-07,"03 04 2019, 15_07_04"
865.3015217781067,-0.002455831,-0.001743674,-2.54e-08,2.6e-07,-1.04e-06,"03 04 2019, 15_07_06"
867.0126926898956,-0.002455701,-0.001743233,5.09e-08,-6.5e-07,-1.04e-06,"03 04 2019, 15_07_08"
868.7238638401031,-0.002455857,-0.001741686,0.0,3.9e-07,-1.169e-06,"03 04 2019, 15_07_09"
870.4310343265533,-0.002455844,-0.001740699,5.09e-08,-5.2e-07,-9.1e-07,"03 04 2019, 15_07_11"
872.1462059020996,-0.002455805,-0.001740205,-1.017e-07,1.3e-07,-1.559e-06,"03 04 2019, 15_07_13"
873.855376958847,-0.002455818,-0.001738672,7.63e-08,-1.3e-07,-5.2e-07,"03 04 2019, 15_07_14"
875.566547870636,-0.002455103,-0.001737814,-5.09e-08,0.0,-7.8e-07,"03 04 2019, 15_07_16"
877.2787191867828,-0.002454843,-0.001736619,1.017e-07,1.3e-07,-1.169e-06,"03 04 2019, 15_07_18"
878.9928905963898,-0.002454882,-0.00173528,-2.54e-08,2.6e-07,-9.1e-07,"03 04 2019, 15_07_20"
880.703061580658,-0.002454986,-0.001734501,2.54e-08,-1.3e-07,-1.169e-06,"03 04 2019, 15_07_21"
882.4162330627441,-0.002454843,-0.001733981,-2.54e-08,-6.5e-07,-3.9e-07,"03 04 2019, 15_07_23"
884.1244037151337,-0.002454337,-0.001732292,-5.09e-08,-5.2e-07,-9.1e-07,"03 04 2019, 15_07_25"
885.8355748653412,-0.002454363,-0.001731798,2.289e-07,-6.5e-07,-6.5e-07,"03 04 2019, 15_07_26"
887.5437455177307,-0.002454272,-0.00173068,1.017e-07,2.6e-07,-1.04e-06,"03 04 2019, 15_07_28"
889.2559168338776,-0.002453869,-0.001729602,2.54e-08,2.6e-07,-3.9e-07,"03 04 2019, 15_07_30"
890.9650876522064,-0.002453479,-0.001728043,1.526e-07,-6.5e-07,-1.3e-07,"03 04 2019, 15_07_31"
892.6762588024139,-0.002453167,-0.00172686,-1.272e-07,-2.6e-07,-1.3e-07,"03 04 2019, 15_07_33"
894.3884298801422,-0.002452803,-0.001726094,2.54e-08,-1.3e-07,-5.2e-07,"03 04 2019, 15_07_35"
896.0986008644104,-0.002452258,-0.001725028,5.09e-08,-1.04e-06,-6.5e-07,"03 04 2019, 15_07_37"
897.8137724399567,-0.002452141,-0.00172369,1.017e-07,9.1e-07,-1.299e-06,"03 04 2019, 15_07_38"
899.5239434242249,-0.00245153,-0.001722624,2.54e-08,-2.6e-07,-3.9e-07,"03 04 2019, 15_07_40"
901.2361147403717,-0.002451595,-0.001721429,2.54e-08,-3.9e-07,-1.169e-06,"03 04 2019, 15_07_42"
902.9462854862213,-0.002451023,-0.001720675,1.017e-07,2.6e-07,-7.8e-07,"03 04 2019, 15_07_43"
904.6554565429688,-0.002451244,-0.001719168,-2.54e-08,-3.9e-07,-1.169e-06,"03 04 2019, 15_07_45"
906.3606269359589,-0.002450425,-0.001717907,-5.09e-08,-7.8e-07,-1.04e-06,"03 04 2019, 15_07_47"
908.0697979927063,-0.002449685,-0.001716582,-2.54e-08,-3.9e-07,2.6e-07,"03 04 2019, 15_07_49"
909.7819690704346,-0.00244949,-0.001715361,0.0,-6.5e-07,-5.2e-07,"03 04 2019, 15_07_50"
911.4921400547028,-0.002449048,-0.001714243,-2.54e-08,5.2e-07,-1.299e-06,"03 04 2019, 15_07_52"
913.2043113708496,-0.002448424,-0.001712359,0.0,-5.2e-07,-7.8e-07,"03 04 2019, 15_07_54"
914.9154822826385,-0.002448333,-0.001711722,-1.017e-07,-5.2e-07,-7.8e-07,"03 04 2019, 15_07_55"
916.6306538581848,-0.002447957,-0.001710254,-2.54e-08,-3.9e-07,-9.1e-07,"03 04 2019, 15_07_57"
918.3458254337311,-0.002447255,-0.001708604,2.54e-08,-9.1e-07,-5.2e-07,"03 04 2019, 15_07_59"
920.0619971752167,-0.002446852,-0.00170811,-2.54e-08,-5.2e-07,-7.8e-07,"03 04 2019, 15_08_01"
921.7711679935455,-0.002446631,-0.001706902,1.017e-07,2.6e-07,-7.8e-07,"03 04 2019, 15_08_02"
923.4813389778137,-0.002446254,-0.001705018,5.09e-08,-3.9e-07,-1.299e-06,"03 04 2019, 15_08_04"
925.1875095367432,-0.002445722,-0.001704693,1.272e-07,-5.2e-07,-3.9e-07,"03 04 2019, 15_08_06"
926.89968085289,-0.002445176,-0.001702939,-2.54e-08,-3.9e-07,-6.5e-07,"03 04 2019, 15_08_07"
928.6178524494171,-0.002444383,-0.001702237,1.017e-07,2.6e-07,-1.299e-06,"03 04 2019, 15_08_09"
930.3240230083466,-0.00244437,-0.001700262,0.0,-5.2e-07,-3.9e-07,"03 04 2019, 15_08_11"
932.0481956005096,-0.002443721,-0.001699495,1.017e-07,-2.6e-07,-9.1e-07,"03 04 2019, 15_08_13"
933.7593667507172,-0.002443409,-0.001698183,2.54e-08,-9.1e-07,-7.8e-07,"03 04 2019, 15_08_14"
935.4765384197235,-0.002442408,-0.001697065,-2.54e-08,1.3e-07,-6.5e-07,"03 04 2019, 15_08_16"
937.1877093315125,-0.002442863,-0.001695909,-5.09e-08,-1.3e-07,-1.04e-06,"03 04 2019, 15_08_18"
938.9028811454773,-0.00244207,-0.001694519,-5.09e-08,-3.9e-07,-1.169e-06,"03 04 2019, 15_08_19"
940.6160521507263,-0.002441551,-0.001693193,0.0,1.3e-07,-1.299e-06,"03 04 2019, 15_08_21"
942.3292233943939,-0.002440797,-0.001691738,-2.54e-08,-2.6e-07,-5.2e-07,"03 04 2019, 15_08_23"
944.0383944511414,-0.002440056,-0.00169075,0.0,1.3e-07,0.0,"03 04 2019, 15_08_25"
945.7485654354095,-0.002439472,-0.001689906,-2.54e-08,-2.6e-07,-1.299e-06,"03 04 2019, 15_08_26"
947.4597365856171,-0.00243929,-0.001688009,5.09e-08,5.2e-07,0.0,"03 04 2019, 15_08_28"
949.1709077358246,-0.002438822,-0.00168693,2.035e-07,-1.3e-07,-1.429e-06,"03 04 2019, 15_08_30"
950.8790783882141,-0.002437951,-0.001686228,-7.63e-08,-9.1e-07,-1.04e-06,"03 04 2019, 15_08_31"
952.5882494449615,-0.002437562,-0.001684552,7.63e-08,-5.2e-07,-9.1e-07,"03 04 2019, 15_08_33"
954.2994203567505,-0.002437198,-0.001683578,5.09e-08,2.6e-07,-2.6e-07,"03 04 2019, 15_08_35"
956.0075912475586,-0.002436431,-0.001681927,2.54e-08,-1.3e-07,-6.5e-07,"03 04 2019, 15_08_37"
957.7207627296448,-0.002435885,-0.001681122,-2.54e-08,-1.3e-07,-3.9e-07,"03 04 2019, 15_08_38"
959.4439346790314,-0.002435469,-0.001679822,1.017e-07,2.6e-07,-5.2e-07,"03 04 2019, 15_08_40"
961.152105808258,-0.002435223,-0.001679082,2.54e-08,0.0,-9.1e-07,"03 04 2019, 15_08_42"
962.8842787742615,-0.002434456,-0.001677964,-2.54e-08,-3.9e-07,-6.5e-07,"03 04 2019, 15_08_43"
964.5944499969482,-0.002433676,-0.001676275,1.017e-07,0.0,-5.2e-07,"03 04 2019, 15_08_45"
966.3056209087372,-0.002433235,-0.001674859,7.63e-08,-2.6e-07,-6.5e-07,"03 04 2019, 15_08_47"
968.0117917060852,-0.002432559,-0.001673962,-2.54e-08,-1.3e-07,-1.04e-06,"03 04 2019, 15_08_49"
969.7329635620117,-0.002432442,-0.001672897,-5.09e-08,5.2e-07,-1.04e-06,"03 04 2019, 15_08_50"
971.4411344528198,-0.002431974,-0.001671584,1.781e-07,0.0,-6.5e-07,"03 04 2019, 15_08_52"
973.1523056030273,-0.002431,-0.001670441,-2.54e-08,5.2e-07,-6.5e-07,"03 04 2019, 15_08_54"
974.8624765872955,-0.00243035,-0.001669453,-2.54e-08,1.3e-07,-7.8e-07,"03 04 2019, 15_08_55"
976.5786480903625,-0.002429973,-0.001668102,1.272e-07,-6.5e-07,-9.1e-07,"03 04 2019, 15_08_57"
978.2988200187683,-0.002429648,-0.001666621,-2.54e-08,-7.8e-07,-3.9e-07,"03 04 2019, 15_08_59"
980.0149915218353,-0.002428739,-0.001665594,5.09e-08,7.8e-07,-9.1e-07,"03 04 2019, 15_09_01"
981.7311635017395,-0.002427933,-0.001664529,-5.09e-08,-1.3e-07,-5.2e-07,"03 04 2019, 15_09_02"
983.4423344135284,-0.002427582,-0.001662411,1.781e-07,-6.5e-07,-1.299e-06,"03 04 2019, 15_09_04"
985.155505657196,-0.00242692,-0.001661436,-5.09e-08,-6.5e-07,-5.2e-07,"03 04 2019, 15_09_06"
986.8656768798828,-0.002426335,-0.001660254,1.017e-07,2.6e-07,-1.3e-07,"03 04 2019, 15_09_07"
988.5768477916718,-0.002425789,-0.001659175,5.09e-08,-5.2e-07,0.0,"03 04 2019, 15_09_09"
990.2840185165405,-0.00242497,-0.001657616,-1.017e-07,0.0,-3.9e-07,"03 04 2019, 15_09_11"
991.9911892414093,-0.002424711,-0.001656732,-2.54e-08,-3.9e-07,-1.04e-06,"03 04 2019, 15_09_13"
993.7013602256775,-0.002424048,-0.001655901,-2.035e-07,3.9e-07,0.0,"03 04 2019, 15_09_14"
995.4145317077637,-0.002423125,-0.001654458,2.54e-08,-3.9e-07,-9.1e-07,"03 04 2019, 15_09_16"
997.1227023601532,-0.002423125,-0.001653159,1.526e-07,-3.9e-07,-6.5e-07,"03 04 2019, 15_09_18"
998.8328731060028,-0.002421826,-0.001652509,7.63e-08,1.3e-07,1.3e-07,"03 04 2019, 15_09_19"
1000.5400440692902,-0.00242128,-0.001651431,-5.09e-08,-3.9e-07,2.6e-07,"03 04 2019, 15_09_21"
1002.2472147941589,-0.002420592,-0.001650287,5.09e-08,7.8e-07,-2.6e-07,"03 04 2019, 15_09_23"
1003.952385187149,-0.002420202,-0.001648611,-2.54e-08,-1.3e-07,-1.3e-07,"03 04 2019, 15_09_24"
1005.6615562438965,-0.002419513,-0.001647676,0.0,-3.9e-07,-6.5e-07,"03 04 2019, 15_09_26"
1007.3747274875641,-0.002419175,-0.001645895,-5.09e-08,-2.6e-07,-7.8e-07,"03 04 2019, 15_09_28"
1009.0828981399536,-0.002418655,-0.001645012,-7.63e-08,2.6e-07,0.0,"03 04 2019, 15_09_30"
1010.7940692901611,-0.002417967,-0.00164418,7.63e-08,7.8e-07,-5.2e-07,"03 04 2019, 15_09_31"
1012.5052404403687,-0.002417187,-0.001642972,1.781e-07,-6.5e-07,-5.2e-07,"03 04 2019, 15_09_33"
1014.2144112586975,-0.002416836,-0.001641776,2.54e-08,5.2e-07,-2.6e-07,"03 04 2019, 15_09_35"
1015.9285826683044,-0.002415628,-0.001640737,0.0,-3.9e-07,-7.8e-07,"03 04 2019, 15_09_36"
1017.6367535591125,-0.002415485,-0.001639113,0.0,-1.3e-07,-7.8e-07,"03 04 2019, 15_09_38"
1019.3499248027802,-0.002414523,-0.001638203,5.09e-08,-5.2e-07,-5.2e-07,"03 04 2019, 15_09_40"
1021.0600957870483,-0.002413939,-0.00163706,0.0,-1.04e-06,-2.6e-07,"03 04 2019, 15_09_42"
1022.7682666778564,-0.002413562,-0.001636137,-2.54e-08,-1.169e-06,-1.169e-06,"03 04 2019, 15_09_43"
1024.4754374027252,-0.002413042,-0.001635085,-2.54e-08,2.6e-07,-1.04e-06,"03 04 2019, 15_09_45"
1026.1856083869934,-0.002412094,-0.001633408,5.09e-08,-2.6e-07,-7.8e-07,"03 04 2019, 15_09_47"
1027.8907787799835,-0.002411431,-0.001632291,0.0,3.9e-07,-1.169e-06,"03 04 2019, 15_09_48"
1029.599949836731,-0.002411639,-0.001630992,1.017e-07,-1.3e-07,-1.3e-07,"03 04 2019, 15_09_50"
1031.3061203956604,-0.00241056,-0.001630043,0.0,-2.6e-07,-5.2e-07,"03 04 2019, 15_09_52"
1033.0182914733887,-0.002409768,-0.001628718,-5.09e-08,6.5e-07,-9.1e-07,"03 04 2019, 15_09_54"
1034.7384634017944,-0.002409599,-0.001626808,1.017e-07,-5.2e-07,-2.6e-07,"03 04 2019, 15_09_55"
1036.4546353816986,-0.002408468,-0.001625573,-7.63e-08,-3.9e-07,-2.6e-07,"03 04 2019, 15_09_57"
1038.1668062210083,-0.00240826,-0.00162443,1.526e-07,1.3e-07,-6.5e-07,"03 04 2019, 15_09_59"
1039.8759772777557,-0.00240752,-0.001622935,-5.09e-08,-1.3e-07,-5.2e-07,"03 04 2019, 15_10_00"
1041.5881485939026,-0.002406389,-0.00162187,1.781e-07,1.3e-07,-1.429e-06,"03 04 2019, 15_10_02"
1043.2963192462921,-0.002405675,-0.00162135,2.54e-08,2.6e-07,-1.3e-07,"03 04 2019, 15_10_04"
1045.008490562439,-0.002405259,-0.001620051,1.017e-07,7.8e-07,-1.04e-06,"03 04 2019, 15_10_06"
1046.719661474228,-0.002404752,-0.001618699,-7.63e-08,-6.5e-07,-1.04e-06,"03 04 2019, 15_10_07"
1048.435832977295,-0.002404141,-0.001617023,2.54e-08,7.8e-07,-1.169e-06,"03 04 2019, 15_10_09"
1050.1460041999817,-0.002402972,-0.001616282,5.09e-08,0.0,-7.8e-07,"03 04 2019, 15_10_11"
1051.8641757965088,-0.002402556,-0.001614996,2.54e-08,-5.2e-07,-3.9e-07,"03 04 2019, 15_10_12"
